main build start 2026-08-22T22:26:01Z LEAN_NUM_THREADS=10
⚠ [3118/3140] Replayed Zeta23.ZeroSide.RankTraceMult
warning: Zeta23/ZeroSide/RankTraceMult.lean:49:32: Variable name `ht0` is not explicitly referenced.

Hint: The binding can be removed (if unused) or named `_` (if used implicitly). Alternatively, prefix the name with `_` to silence this warning:
  [apply] _ht0

Note: This linter can be disabled with `set_option linter.unusedVariables false`
warning: Zeta23/ZeroSide/RankTraceMult.lean:49:60: Variable name `hx` is not explicitly referenced.

Hint: The binding can be removed (if unused) or named `_` (if used implicitly). Alternatively, prefix the name with `_` to silence this warning:
  [apply] _hx

Note: This linter can be disabled with `set_option linter.unusedVariables false`
warning: Zeta23/ZeroSide/RankTraceMult.lean:56:30: Variable name `hc` is not explicitly referenced.

Hint: The binding can be removed (if unused) or named `_` (if used implicitly). Alternatively, prefix the name with `_` to silence this warning:
  [apply] _hc

Note: This linter can be disabled with `set_option linter.unusedVariables false`
warning: Zeta23/ZeroSide/RankTraceMult.lean:56:43: Variable name `hx` is not explicitly referenced.

Hint: The binding can be removed (if unused) or named `_` (if used implicitly). Alternatively, prefix the name with `_` to silence this warning:
  [apply] _hx

Note: This linter can be disabled with `set_option linter.unusedVariables false`
warning: Zeta23/ZeroSide/RankTraceMult.lean:81:32: Variable name `hp` is not explicitly referenced.

Hint: The binding can be removed (if unused) or named `_` (if used implicitly). Alternatively, prefix the name with `_` to silence this warning:
  [apply] _hp

Note: This linter can be disabled with `set_option linter.unusedVariables false`
warning: Zeta23/ZeroSide/RankTraceMult.lean:81:58: Variable name `hc` is not explicitly referenced.

Hint: The binding can be removed (if unused) or named `_` (if used implicitly). Alternatively, prefix the name with `_` to silence this warning:
  [apply] _hc

Note: This linter can be disabled with `set_option linter.unusedVariables false`
warning: Zeta23/ZeroSide/RankTraceMult.lean:164:20: This simp argument is unused:
  Matrix.mul_assoc

Hint: Omit it from the simp argument list.
  [apply] simp

Note: This linter can be disabled with `set_option linter.unusedSimpArgs false`
warning: Zeta23/ZeroSide/RankTraceMult.lean:359:28: Variable name `hc` is not explicitly referenced.

Hint: The binding can be removed (if unused) or named `_` (if used implicitly). Alternatively, prefix the name with `_` to silence this warning:
  [apply] _hc

Note: This linter can be disabled with `set_option linter.unusedVariables false`
⚠ [3132/3543] Replayed Zeta23.Assembly
warning: Zeta23/Assembly.lean:885:47: `Set.mem_setOf_eq` has been deprecated: Use `Set.mem_ofPred_eq` instead
warning: Zeta23/Assembly.lean:958:34: `Set.mem_setOf_eq` has been deprecated: Use `Set.mem_ofPred_eq` instead
warning: Zeta23/Assembly.lean:962:90: `Set.mem_setOf_eq` has been deprecated: Use `Set.mem_ofPred_eq` instead
⚠ [3134/3543] Replayed Zeta23.ZeroSide
warning: Zeta23/ZeroSide.lean:701:4: `Set.mem_setOf_eq` has been deprecated: Use `Set.mem_ofPred_eq` instead
warning: Zeta23/ZeroSide.lean:706:66: `Set.mem_setOf_eq` has been deprecated: Use `Set.mem_ofPred_eq` instead
warning: Zeta23/ZeroSide.lean:712:52: `Set.mem_setOf_eq` has been deprecated: Use `Set.mem_ofPred_eq` instead
warning: Zeta23/ZeroSide.lean:755:53: `Set.mem_setOf_eq` has been deprecated: Use `Set.mem_ofPred_eq` instead
⚠ [3302/3543] Replayed Zeta23.Statement
warning: Zeta23/Statement.lean:148:30: `Set.mem_setOf_eq` has been deprecated: Use `Set.mem_ofPred_eq` instead
⚠ [3621/3912] Replayed Zeta23.Statement.Seam
warning: Zeta23/Statement/Seam.lean:59:13: `ENat.toNat_coe` has been deprecated: Use `ENat.toNat_natCast` instead
⚠ [3623/3912] Replayed Zeta23.ZetaReflect
warning: Zeta23/ZetaReflect.lean:91:17: `Set.mem_setOf_eq` has been deprecated: Use `Set.mem_ofPred_eq` instead
⚠ [8728/8755] Replayed Zeta23.Tail
warning: Zeta23/Tail.lean:290:13: `Set.mem_setOf_eq` has been deprecated: Use `Set.mem_ofPred_eq` instead
warning: Zeta23/Tail.lean:399:17: `Set.mem_setOf_eq` has been deprecated: Use `Set.mem_ofPred_eq` instead
ℹ [8742/9198] Replayed Zeta23.GammaFacts.Mu
info: Zeta23/GammaFacts/Mu.lean:137:2: Try this:
  [apply] ring_nf
  
  The `ring` tactic failed to close the goal. Use `ring_nf` to obtain a normal form.
    
  Note that `ring` works primarily in *commutative* rings. If you have a noncommutative ring, abelian group or module, consider using `noncomm_ring`, `abel` or `module` instead.
ℹ [8744/9198] Replayed Zeta23.GammaFacts.StirlingVert
info: Zeta23/GammaFacts/StirlingVert.lean:452:6: Try this:
  [apply] ring_nf
  
  The `ring` tactic failed to close the goal. Use `ring_nf` to obtain a normal form.
    
  Note that `ring` works primarily in *commutative* rings. If you have a noncommutative ring, abelian group or module, consider using `noncomm_ring`, `abel` or `module` instead.
⚠ [8748/9198] Replayed Zeta23.FromPNTPlus.StrongPNTPrefix
warning: Zeta23/FromPNTPlus/StrongPNTPrefix.lean:61:71: `Set.mem_setOf_eq` has been deprecated: Use `Set.mem_ofPred_eq` instead
warning: Zeta23/FromPNTPlus/StrongPNTPrefix.lean:202:9: `Set.setOf_subset_setOf` has been deprecated: Use `Set.ofPred_subset_ofPred` instead
warning: Zeta23/FromPNTPlus/StrongPNTPrefix.lean:343:10: `Set.notMem_setOf_iff` has been deprecated: Use `Set.notMem_ofPred_iff` instead
warning: Zeta23/FromPNTPlus/StrongPNTPrefix.lean:368:48: `Set.mem_setOf_eq` has been deprecated: Use `Set.mem_ofPred_eq` instead
warning: Zeta23/FromPNTPlus/StrongPNTPrefix.lean:390:10: `Set.notMem_setOf_iff` has been deprecated: Use `Set.notMem_ofPred_iff` instead
warning: Zeta23/FromPNTPlus/StrongPNTPrefix.lean:432:48: `Set.mem_setOf_eq` has been deprecated: Use `Set.mem_ofPred_eq` instead
⚠ [8756/9198] Replayed Zeta23.FromPNTPlus.ZetaBounds
warning: Zeta23/FromPNTPlus/ZetaBounds.lean:859:13: `Set.mem_setOf_eq` has been deprecated: Use `Set.mem_ofPred_eq` instead
warning: Zeta23/FromPNTPlus/ZetaBounds.lean:952:13: `Set.mem_setOf_eq` has been deprecated: Use `Set.mem_ofPred_eq` instead
warning: Zeta23/FromPNTPlus/ZetaBounds.lean:1092:13: `Set.mem_setOf_eq` has been deprecated: Use `Set.mem_ofPred_eq` instead
warning: Zeta23/FromPNTPlus/ZetaBounds.lean:1099:32: `Set.mem_setOf_eq` has been deprecated: Use `Set.mem_ofPred_eq` instead
warning: Zeta23/FromPNTPlus/ZetaBounds.lean:1105:56: `Set.preimage_setOf_eq` has been deprecated: Use `Set.preimage_ofPred_eq` instead
warning: Zeta23/FromPNTPlus/ZetaBounds.lean:1115:56: `Set.preimage_setOf_eq` has been deprecated: Use `Set.preimage_ofPred_eq` instead
warning: Zeta23/FromPNTPlus/ZetaBounds.lean:1119:17: `Set.mem_setOf_eq` has been deprecated: Use `Set.mem_ofPred_eq` instead
warning: Zeta23/FromPNTPlus/ZetaBounds.lean:1135:54: `Set.preimage_setOf_eq` has been deprecated: Use `Set.preimage_ofPred_eq` instead
warning: Zeta23/FromPNTPlus/ZetaBounds.lean:1157:22: `Set.setOf_subset_setOf` has been deprecated: Use `Set.ofPred_subset_ofPred` instead
warning: Zeta23/FromPNTPlus/ZetaBounds.lean:1169:15: `Set.setOf_subset_setOf` has been deprecated: Use `Set.ofPred_subset_ofPred` instead
warning: Zeta23/FromPNTPlus/ZetaBounds.lean:1169:59: `Set.mem_setOf_eq` has been deprecated: Use `Set.mem_ofPred_eq` instead
warning: Zeta23/FromPNTPlus/ZetaBounds.lean:1185:15: `Set.mem_setOf_eq` has been deprecated: Use `Set.mem_ofPred_eq` instead
warning: Zeta23/FromPNTPlus/ZetaBounds.lean:1835:19: `Set.mem_setOf_eq` has been deprecated: Use `Set.mem_ofPred_eq` instead
warning: Zeta23/FromPNTPlus/ZetaBounds.lean:1837:45: `Set.mem_setOf_eq` has been deprecated: Use `Set.mem_ofPred_eq` instead
warning: Zeta23/FromPNTPlus/ZetaBounds.lean:1840:28: `Set.setOf_subset_setOf` has been deprecated: Use `Set.ofPred_subset_ofPred` instead
warning: Zeta23/FromPNTPlus/ZetaBounds.lean:1844:28: `Set.mem_setOf_eq` has been deprecated: Use `Set.mem_ofPred_eq` instead
warning: Zeta23/FromPNTPlus/ZetaBounds.lean:1900:15: `Set.mem_setOf_eq` has been deprecated: Use `Set.mem_ofPred_eq` instead
warning: Zeta23/FromPNTPlus/ZetaBounds.lean:1906:20: `Set.mem_setOf_eq` has been deprecated: Use `Set.mem_ofPred_eq` instead
warning: Zeta23/FromPNTPlus/ZetaBounds.lean:2091:13: `Set.mem_setOf_eq` has been deprecated: Use `Set.mem_ofPred_eq` instead
warning: Zeta23/FromPNTPlus/ZetaBounds.lean:2884:17: `Set.mem_setOf_eq` has been deprecated: Use `Set.mem_ofPred_eq` instead
warning: Zeta23/FromPNTPlus/ZetaBounds.lean:2940:17: `Set.mem_setOf_eq` has been deprecated: Use `Set.mem_ofPred_eq` instead
⚠ [8758/9198] Replayed Zeta23.RvM.Halving
warning: Zeta23/RvM/Halving.lean:52:55: `Set.mem_setOf_eq` has been deprecated: Use `Set.mem_ofPred_eq` instead
warning: Zeta23/RvM/Halving.lean:62:15: `Set.mem_setOf_eq` has been deprecated: Use `Set.mem_ofPred_eq` instead
warning: Zeta23/RvM/Halving.lean:70:15: `Set.mem_setOf_eq` has been deprecated: Use `Set.mem_ofPred_eq` instead
⚠ [8764/9198] Replayed Zeta23.RvM.ReZeroCount
warning: Zeta23/RvM/ReZeroCount.lean:272:15: `ENat.toNat_coe` has been deprecated: Use `ENat.toNat_natCast` instead
⚠ [8769/9198] Replayed Zeta23.RvM.NcountWindow
warning: Zeta23/RvM/NcountWindow.lean:23:22: `Set.mem_setOf_eq` has been deprecated: Use `Set.mem_ofPred_eq` instead
⚠ [8772/9198] Replayed Zeta23.WeilEF.ZeroSummability
warning: Zeta23/WeilEF/ZeroSummability.lean:189:4: `Set.mem_setOf_eq` has been deprecated: Use `Set.mem_ofPred_eq` instead
⚠ [8775/9198] Replayed Zeta23.WeilEF.Landau
warning: Zeta23/WeilEF/Landau.lean:341:13: `Set.mem_setOf_eq` has been deprecated: Use `Set.mem_ofPred_eq` instead
warning: Zeta23/WeilEF/Landau.lean:437:64: `Set.mem_setOf_eq` has been deprecated: Use `Set.mem_ofPred_eq` instead
⚠ [8777/9198] Replayed Zeta23.WeilEF.Contour
warning: Zeta23/WeilEF/Contour.lean:69:15: `Set.mem_setOf_eq` has been deprecated: Use `Set.mem_ofPred_eq` instead
ℹ [8782/9198] Replayed Zeta23.WeilEF.Main
info: Zeta23/WeilEF/Main.lean:38:2: Try this:
  [apply] ring_nf
  
  The `ring` tactic failed to close the goal. Use `ring_nf` to obtain a normal form.
    
  Note that `ring` works primarily in *commutative* rings. If you have a noncommutative ring, abelian group or module, consider using `noncomm_ring`, `abel` or `module` instead.
⚠ [8784/9198] Replayed Zeta23.Assembly.SeamMult
warning: Zeta23/Assembly/SeamMult.lean:26:0: automatically included section variable(s) unused in theorem `Zeta23.Assembly.ctr_sub_frobSq_perturb`:
  [DecidableEq n]
consider restructuring your `variable` declarations so that the variables are not in scope or explicitly omit them:
  omit [DecidableEq n] in theorem ...

Note: This linter can be disabled with `set_option linter.unusedSectionVars false`
⚠ [8812/9801] Replayed Zeta23.PrimeSideA.EndsE1
warning: Zeta23/PrimeSideA/EndsE1.lean:326:41: `Set.mem_setOf_eq` has been deprecated: Use `Set.mem_ofPred_eq` instead
ℹ [8817/9801] Replayed Zeta23.PrimeSideA
info: Zeta23/PrimeSideA.lean:372:0: lem_ends : ∀ (cϱ lam : ℝ),
  GammaFacts →
    ChebyshevMertens →
      0 < lam ∧ lam ≤ 1 →
        ∃ C, EventuallyAtCore cϱ lam fun p F ↦ |trGt2A p F - MtotalA p F| ≤ C * (p.L * p.l * log p.l * (p.l ^ 2 + p.X))
info: Zeta23/PrimeSideA.lean:398:0: prop_mumu : ∀ (cϱ lam : ℝ),
  GammaFacts →
    ChebyshevMertens →
      0 < lam ∧ lam ≤ 1 →
        ∃ C,
          EventuallyAtCore cϱ lam fun p F ↦
            |Mform F.Phi p.T mu mu - 2 * π * F.b * p.L * ∫ (τ : ℝ) in p.T..2 * p.T, mu τ ^ 2| ≤ C * (p.l ^ 2 * log p.L)
info: Zeta23/PrimeSideA.lean:404:0: prop_cross_muP : ∀ (cϱ lam : ℝ),
  GammaFacts →
    ChebyshevMertens →
      0 < lam ∧ lam ≤ 1 → ∃ C, EventuallyAtCore cϱ lam fun p F ↦ |Mform F.Phi p.T mu (PX p.X)| ≤ C * (p.l * √p.X)
⚠ [8823/9801] Replayed Zeta23.MV.Spacing
warning: Zeta23/MV/Spacing.lean:58:0: automatically included section variable(s) unused in theorem `Zeta23.MV.Adm.itv_disjoint`:
  [Fintype ι]
  [DecidableEq ι]
consider restructuring your `variable` declarations so that the variables are not in scope or explicitly omit them:
  omit [Fintype ι] [DecidableEq ι] in theorem ...

Note: This linter can be disabled with `set_option linter.unusedSectionVars false`
warning: Zeta23/MV/Spacing.lean:153:8: automatically included section variable(s) unused in theorem `_private.Zeta23.MV.Spacing.0.Zeta23.MV.Adm.mem_window`:
  [Fintype ι]
  [DecidableEq ι]
consider restructuring your `variable` declarations so that the variables are not in scope or explicitly omit them:
  omit [Fintype ι] [DecidableEq ι] in theorem ...

Note: This linter can be disabled with `set_option linter.unusedSectionVars false`
⚠ [8831/9801] Replayed Zeta23.ThmD.WindowCore
warning: Zeta23/ThmD/WindowCore.lean:388:22: Variable name `u` is not explicitly referenced.

Hint: The binding can be removed (if unused) or named `_` (if used implicitly). Alternatively, prefix the name with `_` to silence this warning:
  [apply] _u

Note: This linter can be disabled with `set_option linter.unusedVariables false`
⚠ [8834/9801] Replayed Zeta23.ThmD.Window
warning: Zeta23/ThmD/Window.lean:132:17: `Set.mem_setOf_eq` has been deprecated: Use `Set.mem_ofPred_eq` instead
⚠ [8838/9801] Replayed Zeta23.ThmD.PP
warning: Zeta23/ThmD/PP.lean:270:29: `Set.mem_setOf_eq` has been deprecated: Use `Set.mem_ofPred_eq` instead
warning: Zeta23/ThmD/PP.lean:276:29: `Set.mem_setOf_eq` has been deprecated: Use `Set.mem_ofPred_eq` instead
ℹ [8857/9801] Replayed Zeta23.ThmD.Sextuple.Macro.EnvelopeData
info: Zeta23/ThmD/Sextuple/Macro/EnvelopeData.lean:561:0: 'Zeta23.ThmD.Sextuple.MacroPrototype.macroEnvelope_sound' depends on axioms: [propext, Classical.choice, Quot.sound]
info: Zeta23/ThmD/Sextuple/Macro/EnvelopeData.lean:563:0: 'Zeta23.ThmD.Sextuple.MacroPrototype.macroPiece0_check' depends on axioms: [propext, Classical.choice, Quot.sound]
info: Zeta23/ThmD/Sextuple/Macro/EnvelopeData.lean:564:0: 'Zeta23.ThmD.Sextuple.MacroPrototype.macroPiece3_check' depends on axioms: [propext, Classical.choice, Quot.sound]
info: Zeta23/ThmD/Sextuple/Macro/EnvelopeData.lean:565:0: 'Zeta23.ThmD.Sextuple.MacroPrototype.macroPieces_check' depends on axioms: [propext, Classical.choice, Quot.sound]
ℹ [8861/9801] Replayed Zeta23.ThmD.Sextuple.Macro.ScalarData
info: Zeta23/ThmD/Sextuple/Macro/ScalarData.lean:14266:0: 'Zeta23.ThmD.Sextuple.MacroPrototype.stableMacroTable_check' depends on axioms: [propext, Classical.choice, Quot.sound]
info: Zeta23/ThmD/Sextuple/Macro/ScalarData.lean:14267:0: 'Zeta23.ThmD.Sextuple.MacroPrototype.scalarCertTable_check' depends on axioms: [propext, Classical.choice, Quot.sound]
✔ [8874/11879] Built Zeta23.ThmD.Sextuple.Macro.TreeReader (21s)
✔ [8875/11879] Built Zeta23.ThmD.Sextuple.Macro.TreeWords (49s)
✔ [8876/11879] Built Zeta23.ThmD.Sextuple.Macro.Layout (7.7s)
✔ [8877/11879] Built Zeta23.ThmD.Sextuple.Macro.Chunks.Chunk2966 (7.0s)
✔ [8878/11879] Built Zeta23.ThmD.Sextuple.Macro.Chunks.Chunk2967 (7.0s)
✔ [8879/11879] Built Zeta23.ThmD.Sextuple.Macro.Chunks.Chunk2965 (8.0s)
✔ [8880/11879] Built Zeta23.ThmD.Sextuple.Macro.Chunks.Chunk2955 (14s)
✔ [8881/11879] Built Zeta23.ThmD.Sextuple.Macro.Chunks.Chunk2957 (15s)
✔ [8882/11879] Built Zeta23.ThmD.Sextuple.Macro.Chunks.Chunk2958 (19s)
✔ [8883/11879] Built Zeta23.ThmD.Sextuple.Macro.Chunks.Chunk2960 (30s)
✔ [8884/11879] Built Zeta23.ThmD.Sextuple.Macro.Chunks.Chunk2961 (31s)
✔ [8885/11879] Built Zeta23.ThmD.Sextuple.Macro.Chunks.Chunk2963 (31s)
✔ [8886/11879] Built Zeta23.ThmD.Sextuple.Macro.Chunks.Chunk2968 (31s)
✔ [8887/11879] Built Zeta23.ThmD.Sextuple.Macro.Chunks.Chunk2964 (33s)
✔ [8888/11879] Built Zeta23.ThmD.Sextuple.Macro.Chunks.Chunk2959 (27s)
✔ [8889/11879] Built Zeta23.ThmD.Sextuple.Macro.Chunks.Chunk2962 (35s)
✔ [8890/11879] Built Zeta23.ThmD.Sextuple.Macro.Chunks.Chunk2949 (5.1s)
✔ [8891/11879] Built Zeta23.ThmD.Sextuple.Macro.Chunks.Chunk2956 (28s)
✔ [8892/11879] Built Zeta23.ThmD.Sextuple.Macro.Chunks.Chunk2948 (4.5s)
✔ [8893/11879] Built Zeta23.ThmD.Sextuple.Macro.Chunks.Chunk2947 (4.8s)
✔ [8894/11879] Built Zeta23.ThmD.Sextuple.Macro.Chunks.Chunk2946 (5.0s)
✔ [8895/11879] Built Zeta23.ThmD.Sextuple.Macro.Chunks.Chunk2944 (5.2s)
✔ [8896/11879] Built Zeta23.ThmD.Sextuple.Macro.Chunks.Chunk2945 (5.4s)
✔ [8897/11879] Built Zeta23.ThmD.Sextuple.Macro.Chunks.Chunk2943 (5.0s)
✔ [8898/11879] Built Zeta23.ThmD.Sextuple.Macro.Chunks.Chunk2951 (13s)
✔ [8899/11879] Built Zeta23.ThmD.Sextuple.Macro.Chunks.Chunk2952 (18s)
✔ [8900/11879] Built Zeta23.ThmD.Sextuple.Macro.Chunks.Chunk2942 (9.3s)
✔ [8901/11879] Built Zeta23.ThmD.Sextuple.Macro.Chunks.Chunk2953 (28s)
✔ [8902/11879] Built Zeta23.ThmD.Sextuple.Macro.Chunks.Chunk2954 (29s)
✔ [8903/11879] Built Zeta23.ThmD.Sextuple.Macro.Chunks.Chunk2935 (12s)
✔ [8904/11879] Built Zeta23.ThmD.Sextuple.Macro.Chunks.Chunk2950 (29s)
✔ [8905/11879] Built Zeta23.ThmD.Sextuple.Macro.Chunks.Chunk2936 (15s)
✔ [8906/11879] Built Zeta23.ThmD.Sextuple.Macro.Chunks.Chunk2933 (13s)
✔ [8907/11879] Built Zeta23.ThmD.Sextuple.Macro.Chunks.Chunk2937 (25s)
✔ [8908/11879] Built Zeta23.ThmD.Sextuple.Macro.Chunks.Chunk2941 (28s)
✔ [8909/11879] Built Zeta23.ThmD.Sextuple.Macro.Chunks.Chunk2938 (26s)
✔ [8910/11879] Built Zeta23.ThmD.Sextuple.Macro.Chunks.Chunk2940 (27s)
✔ [8911/11879] Built Zeta23.ThmD.Sextuple.Macro.Chunks.Chunk2939 (27s)
✔ [8912/11879] Built Zeta23.ThmD.Sextuple.Macro.Chunks.Chunk2928 (5.5s)
✔ [8913/11879] Built Zeta23.ThmD.Sextuple.Macro.Chunks.Chunk2927 (5.6s)
✔ [8914/11879] Built Zeta23.ThmD.Sextuple.Macro.Chunks.Chunk2930 (16s)
✔ [8915/11879] Built Zeta23.ThmD.Sextuple.Macro.Chunks.Chunk2934 (27s)
✔ [8916/11879] Built Zeta23.ThmD.Sextuple.Macro.Chunks.Chunk2932 (24s)
✔ [8917/11879] Built Zeta23.ThmD.Sextuple.Macro.Chunks.Chunk2931 (25s)
✔ [8918/11879] Built Zeta23.ThmD.Sextuple.Macro.Chunks.Chunk2921 (13s)
✔ [8919/11879] Built Zeta23.ThmD.Sextuple.Macro.Chunks.Chunk2924 (22s)
✔ [8920/11879] Built Zeta23.ThmD.Sextuple.Macro.Chunks.Chunk2922 (20s)
✔ [8921/11879] Built Zeta23.ThmD.Sextuple.Macro.Chunks.Chunk2923 (21s)
✔ [8922/11879] Built Zeta23.ThmD.Sextuple.Macro.Chunks.Chunk2925 (26s)
✔ [8923/11879] Built Zeta23.ThmD.Sextuple.Macro.Chunks.Chunk2929 (32s)
✔ [8924/11879] Built Zeta23.ThmD.Sextuple.Macro.Chunks.Chunk2915 (4.5s)
✔ [8925/11879] Built Zeta23.ThmD.Sextuple.Macro.Chunks.Chunk2926 (30s)
✔ [8926/11879] Built Zeta23.ThmD.Sextuple.Macro.Chunks.Chunk2917 (14s)
✔ [8927/11879] Built Zeta23.ThmD.Sextuple.Macro.Chunks.Chunk2918 (20s)
✔ [8928/11879] Built Zeta23.ThmD.Sextuple.Macro.Chunks.Chunk2920 (31s)
✔ [8929/11879] Built Zeta23.ThmD.Sextuple.Macro.Chunks.Chunk2919 (30s)
✔ [8930/11879] Built Zeta23.ThmD.Sextuple.Macro.Chunks.Chunk2909 (13s)
✔ [8931/11879] Built Zeta23.ThmD.Sextuple.Macro.Chunks.Chunk2910 (20s)
✔ [8932/11879] Built Zeta23.ThmD.Sextuple.Macro.Chunks.Chunk2911 (20s)
✔ [8933/11879] Built Zeta23.ThmD.Sextuple.Macro.Chunks.Chunk2912 (22s)
✔ [8934/11879] Built Zeta23.ThmD.Sextuple.Macro.Chunks.Chunk2913 (24s)
✔ [8935/11879] Built Zeta23.ThmD.Sextuple.Macro.Chunks.Chunk2916 (29s)
✔ [8936/11879] Built Zeta23.ThmD.Sextuple.Macro.Chunks.Chunk2914 (28s)
✔ [8937/11879] Built Zeta23.ThmD.Sextuple.Macro.Chunks.Chunk2905 (15s)
✔ [8938/11879] Built Zeta23.ThmD.Sextuple.Macro.Chunks.Chunk2908 (28s)
✔ [8939/11879] Built Zeta23.ThmD.Sextuple.Macro.Chunks.Chunk2906 (19s)
✔ [8940/11879] Built Zeta23.ThmD.Sextuple.Macro.Chunks.Chunk2907 (27s)
✔ [8941/11879] Built Zeta23.ThmD.Sextuple.Macro.Chunks.Chunk2900 (21s)
✔ [8942/11879] Built Zeta23.ThmD.Sextuple.Macro.Chunks.Chunk2899 (19s)
✔ [8943/11879] Built Zeta23.ThmD.Sextuple.Macro.Chunks.Chunk2901 (22s)
✔ [8944/11879] Built Zeta23.ThmD.Sextuple.Macro.Chunks.Chunk2902 (25s)
✔ [8945/11879] Built Zeta23.ThmD.Sextuple.Macro.Chunks.Chunk2904 (26s)
✔ [8946/11879] Built Zeta23.ThmD.Sextuple.Macro.Chunks.Chunk2898 (13s)
✔ [8947/11879] Built Zeta23.ThmD.Sextuple.Macro.Chunks.Chunk2903 (28s)
✔ [8948/11879] Built Zeta23.ThmD.Sextuple.Macro.Chunks.Chunk2895 (15s)
✔ [8949/11879] Built Zeta23.ThmD.Sextuple.Macro.Chunks.Chunk2896 (25s)
✔ [8950/11879] Built Zeta23.ThmD.Sextuple.Macro.Chunks.Chunk2897 (26s)
✔ [8951/11879] Built Zeta23.ThmD.Sextuple.Macro.Chunks.Chunk2888 (13s)
✔ [8952/11879] Built Zeta23.ThmD.Sextuple.Macro.Chunks.Chunk2889 (16s)
✔ [8953/11879] Built Zeta23.ThmD.Sextuple.Macro.Chunks.Chunk2890 (21s)
✔ [8954/11879] Built Zeta23.ThmD.Sextuple.Macro.Chunks.Chunk2892 (29s)
✔ [8955/11879] Built Zeta23.ThmD.Sextuple.Macro.Chunks.Chunk2893 (30s)
✔ [8956/11879] Built Zeta23.ThmD.Sextuple.Macro.Chunks.Chunk2894 (30s)
✔ [8957/11879] Built Zeta23.ThmD.Sextuple.Macro.Chunks.Chunk2891 (28s)
✔ [8958/11879] Built Zeta23.ThmD.Sextuple.Macro.Chunks.Chunk2885 (14s)
✔ [8959/11879] Built Zeta23.ThmD.Sextuple.Macro.Chunks.Chunk2886 (17s)
✔ [8960/11879] Built Zeta23.ThmD.Sextuple.Macro.Chunks.Chunk2887 (25s)
✔ [8961/11879] Built Zeta23.ThmD.Sextuple.Macro.Chunks.Chunk2884 (26s)
✔ [8962/11879] Built Zeta23.ThmD.Sextuple.Macro.Chunks.Chunk2881 (16s)
✔ [8963/11879] Built Zeta23.ThmD.Sextuple.Macro.Chunks.Chunk2882 (23s)
✔ [8964/11879] Built Zeta23.ThmD.Sextuple.Macro.Chunks.Chunk2879 (18s)
✔ [8965/11879] Built Zeta23.ThmD.Sextuple.Macro.Chunks.Chunk2875 (15s)
✔ [8966/11879] Built Zeta23.ThmD.Sextuple.Macro.Chunks.Chunk2876 (17s)
✔ [8967/11879] Built Zeta23.ThmD.Sextuple.Macro.Chunks.Chunk2883 (32s)
✔ [8968/11879] Built Zeta23.ThmD.Sextuple.Macro.Chunks.Chunk2880 (25s)
✔ [8969/11879] Built Zeta23.ThmD.Sextuple.Macro.Chunks.Chunk2878 (26s)
✔ [8970/11879] Built Zeta23.ThmD.Sextuple.Macro.Chunks.Chunk2877 (24s)
✔ [8971/11879] Built Zeta23.ThmD.Sextuple.Macro.Chunks.Chunk2873 (14s)
✔ [8972/11879] Built Zeta23.ThmD.Sextuple.Macro.Chunks.Chunk2869 (14s)
✔ [8973/11879] Built Zeta23.ThmD.Sextuple.Macro.Chunks.Chunk2865 (13s)
✔ [8974/11879] Built Zeta23.ThmD.Sextuple.Macro.Chunks.Chunk2870 (19s)
✔ [8975/11879] Built Zeta23.ThmD.Sextuple.Macro.Chunks.Chunk2866 (16s)
✔ [8976/11879] Built Zeta23.ThmD.Sextuple.Macro.Chunks.Chunk2874 (30s)
✔ [8977/11879] Built Zeta23.ThmD.Sextuple.Macro.Chunks.Chunk2872 (29s)
✔ [8978/11879] Built Zeta23.ThmD.Sextuple.Macro.Chunks.Chunk2871 (30s)
✔ [8979/11879] Built Zeta23.ThmD.Sextuple.Macro.Chunks.Chunk2863 (12s)
✔ [8980/11879] Built Zeta23.ThmD.Sextuple.Macro.Chunks.Chunk2867 (24s)
✔ [8981/11879] Built Zeta23.ThmD.Sextuple.Macro.Chunks.Chunk2868 (31s)
✔ [8982/11879] Built Zeta23.ThmD.Sextuple.Macro.Chunks.Chunk2864 (26s)
✔ [8983/11879] Built Zeta23.ThmD.Sextuple.Macro.Chunks.Chunk2859 (13s)
✔ [8984/11879] Built Zeta23.ThmD.Sextuple.Macro.Chunks.Chunk2856 (13s)
✔ [8985/11879] Built Zeta23.ThmD.Sextuple.Macro.Chunks.Chunk2860 (20s)
✔ [8986/11879] Built Zeta23.ThmD.Sextuple.Macro.Chunks.Chunk2857 (16s)
✔ [8987/11879] Built Zeta23.ThmD.Sextuple.Macro.Chunks.Chunk2861 (26s)
✔ [8988/11879] Built Zeta23.ThmD.Sextuple.Macro.Chunks.Chunk2854 (12s)
✔ [8989/11879] Built Zeta23.ThmD.Sextuple.Macro.Chunks.Chunk2862 (27s)
✔ [8990/11879] Built Zeta23.ThmD.Sextuple.Macro.Chunks.Chunk2855 (25s)
✔ [8991/11879] Built Zeta23.ThmD.Sextuple.Macro.Chunks.Chunk2858 (30s)
✔ [8992/11879] Built Zeta23.ThmD.Sextuple.Macro.Chunks.Chunk2850 (14s)
✔ [8993/11879] Built Zeta23.ThmD.Sextuple.Macro.Chunks.Chunk2851 (16s)
✔ [8994/11879] Built Zeta23.ThmD.Sextuple.Macro.Chunks.Chunk2853 (25s)
✔ [8995/11879] Built Zeta23.ThmD.Sextuple.Macro.Chunks.Chunk2852 (23s)
✔ [8996/11879] Built Zeta23.ThmD.Sextuple.Macro.Chunks.Chunk2846 (14s)
✔ [8997/11879] Built Zeta23.ThmD.Sextuple.Macro.Chunks.Chunk2847 (18s)
✔ [8998/11879] Built Zeta23.ThmD.Sextuple.Macro.Chunks.Chunk2845 (15s)
✔ [8999/11879] Built Zeta23.ThmD.Sextuple.Macro.Chunks.Chunk2842 (12s)
✔ [9000/11879] Built Zeta23.ThmD.Sextuple.Macro.Chunks.Chunk2849 (29s)
✔ [9001/11879] Built Zeta23.ThmD.Sextuple.Macro.Chunks.Chunk2848 (27s)
✔ [9002/11879] Built Zeta23.ThmD.Sextuple.Macro.Chunks.Chunk2839 (12s)
✔ [9003/11879] Built Zeta23.ThmD.Sextuple.Macro.Chunks.Chunk2843 (17s)
✔ [9004/11879] Built Zeta23.ThmD.Sextuple.Macro.Chunks.Chunk2841 (13s)
✔ [9005/11879] Built Zeta23.ThmD.Sextuple.Macro.Chunks.Chunk2834 (11s)
✔ [9006/11879] Built Zeta23.ThmD.Sextuple.Macro.Chunks.Chunk2832 (11s)
✔ [9007/11879] Built Zeta23.ThmD.Sextuple.Macro.Chunks.Chunk2833 (11s)
✔ [9008/11879] Built Zeta23.ThmD.Sextuple.Macro.Chunks.Chunk2844 (31s)
✔ [9009/11879] Built Zeta23.ThmD.Sextuple.Macro.Chunks.Chunk2836 (15s)
✔ [9010/11879] Built Zeta23.ThmD.Sextuple.Macro.Chunks.Chunk2828 (5.4s)
✔ [9011/11879] Built Zeta23.ThmD.Sextuple.Macro.Chunks.Chunk2826 (5.4s)
✔ [9012/11879] Built Zeta23.ThmD.Sextuple.Macro.Chunks.Chunk2827 (5.6s)
✔ [9013/11879] Built Zeta23.ThmD.Sextuple.Macro.Chunks.Chunk2840 (30s)
✔ [9014/11879] Built Zeta23.ThmD.Sextuple.Macro.Chunks.Chunk2829 (8.4s)
✔ [9015/11879] Built Zeta23.ThmD.Sextuple.Macro.Chunks.Chunk2830 (8.6s)
✔ [9016/11879] Built Zeta23.ThmD.Sextuple.Macro.Chunks.Chunk2825 (4.6s)
✔ [9017/11879] Built Zeta23.ThmD.Sextuple.Macro.Chunks.Chunk2822 (5.7s)
✔ [9018/11879] Built Zeta23.ThmD.Sextuple.Macro.Chunks.Chunk2823 (5.8s)
✔ [9019/11879] Built Zeta23.ThmD.Sextuple.Macro.Chunks.Chunk2820 (5.6s)
✔ [9020/11879] Built Zeta23.ThmD.Sextuple.Macro.Chunks.Chunk2821 (5.7s)
✔ [9021/11879] Built Zeta23.ThmD.Sextuple.Macro.Chunks.Chunk2838 (33s)
✔ [9022/11879] Built Zeta23.ThmD.Sextuple.Macro.Chunks.Chunk2837 (32s)
✔ [9023/11879] Built Zeta23.ThmD.Sextuple.Macro.Chunks.Chunk2814 (5.5s)
✔ [9024/11879] Built Zeta23.ThmD.Sextuple.Macro.Chunks.Chunk2815 (5.7s)
✔ [9025/11879] Built Zeta23.ThmD.Sextuple.Macro.Chunks.Chunk2817 (7.7s)
✔ [9026/11879] Built Zeta23.ThmD.Sextuple.Macro.Chunks.Chunk2824 (14s)
✔ [9027/11879] Built Zeta23.ThmD.Sextuple.Macro.Chunks.Chunk2813 (5.4s)
✔ [9028/11879] Built Zeta23.ThmD.Sextuple.Macro.Chunks.Chunk2835 (34s)
✔ [9029/11879] Built Zeta23.ThmD.Sextuple.Macro.Chunks.Chunk2818 (13s)
✔ [9030/11879] Built Zeta23.ThmD.Sextuple.Macro.Chunks.Chunk2812 (7.3s)
✔ [9031/11879] Built Zeta23.ThmD.Sextuple.Macro.Chunks.Chunk2819 (17s)
✔ [9032/11879] Built Zeta23.ThmD.Sextuple.Macro.Chunks.Chunk2831 (39s)
✔ [9033/11879] Built Zeta23.ThmD.Sextuple.Macro.Chunks.Chunk2781 (4.7s)
✔ [9034/11879] Built Zeta23.ThmD.Sextuple.Macro.Chunks.Chunk2810 (12s)
✔ [9035/11879] Built Zeta23.ThmD.Sextuple.Macro.Chunks.Chunk2780 (8.0s)
✔ [9036/11879] Built Zeta23.ThmD.Sextuple.Macro.Chunks.Chunk2805 (9.2s)
✔ [9037/11879] Built Zeta23.ThmD.Sextuple.Macro.Chunks.Chunk2808 (17s)
✔ [9038/11879] Built Zeta23.ThmD.Sextuple.Macro.Chunks.Chunk2803 (7.8s)
✔ [9039/11879] Built Zeta23.ThmD.Sextuple.Macro.Chunks.Chunk2811 (20s)
✔ [9040/11879] Built Zeta23.ThmD.Sextuple.Macro.Chunks.Chunk2806 (15s)
✔ [9041/11879] Built Zeta23.ThmD.Sextuple.Macro.Chunks.Chunk2801 (4.6s)
✔ [9042/11879] Built Zeta23.ThmD.Sextuple.Macro.Chunks.Chunk2800 (5.0s)
✔ [9043/11879] Built Zeta23.ThmD.Sextuple.Macro.Chunks.Chunk2799 (5.7s)
✔ [9044/11879] Built Zeta23.ThmD.Sextuple.Macro.Chunks.Chunk2797 (5.6s)
✔ [9045/11879] Built Zeta23.ThmD.Sextuple.Macro.Chunks.Chunk2816 (33s)
✔ [9046/11879] Built Zeta23.ThmD.Sextuple.Macro.Chunks.Chunk2795 (4.4s)
✔ [9047/11879] Built Zeta23.ThmD.Sextuple.Macro.Chunks.Chunk2809 (29s)
✔ [9048/11879] Built Zeta23.ThmD.Sextuple.Macro.Chunks.Chunk2804 (23s)
✔ [9049/11879] Built Zeta23.ThmD.Sextuple.Macro.Chunks.Chunk2807 (34s)
✔ [9050/11879] Built Zeta23.ThmD.Sextuple.Macro.Chunks.Chunk2796 (18s)
✔ [9051/11879] Built Zeta23.ThmD.Sextuple.Macro.Chunks.Chunk2787 (4.0s)
✔ [9052/11879] Built Zeta23.ThmD.Sextuple.Macro.Chunks.Chunk2789 (11s)
✔ [9053/11879] Built Zeta23.ThmD.Sextuple.Macro.Chunks.Chunk2798 (26s)
✔ [9054/11879] Built Zeta23.ThmD.Sextuple.Macro.Chunks.Chunk2786 (4.2s)
✔ [9055/11879] Built Zeta23.ThmD.Sextuple.Macro.Chunks.Chunk2793 (23s)
✔ [9056/11879] Built Zeta23.ThmD.Sextuple.Macro.Chunks.Chunk2785 (4.6s)
✔ [9057/11879] Built Zeta23.ThmD.Sextuple.Macro.Chunks.Chunk2791 (21s)
✔ [9058/11879] Built Zeta23.ThmD.Sextuple.Macro.Chunks.Chunk2784 (4.5s)
✔ [9059/11879] Built Zeta23.ThmD.Sextuple.Macro.Chunks.Chunk2783 (4.4s)
✔ [9060/11879] Built Zeta23.ThmD.Sextuple.Macro.Chunks.Chunk2782 (4.6s)
✔ [9061/11879] Built Zeta23.ThmD.Sextuple.Macro.Chunks.Chunk2790 (25s)
✔ [9062/11879] Built Zeta23.ThmD.Sextuple.Macro.Chunks.Chunk2792 (30s)
✔ [9063/11879] Built Zeta23.ThmD.Sextuple.Macro.Chunks.Chunk2802 (42s)
✔ [9064/11879] Built Zeta23.ThmD.Sextuple.Macro.Chunks.Chunk2778 (10s)
✔ [9065/11879] Built Zeta23.ThmD.Sextuple.Macro.Chunks.Chunk2777 (11s)
✔ [9066/11879] Built Zeta23.ThmD.Sextuple.Macro.Chunks.Chunk2788 (28s)
✔ [9067/11879] Built Zeta23.ThmD.Sextuple.Macro.Chunks.Chunk2772 (8.3s)
✔ [9068/11879] Built Zeta23.ThmD.Sextuple.Macro.Chunks.Chunk2775 (14s)
✔ [9069/11879] Built Zeta23.ThmD.Sextuple.Macro.Chunks.Chunk2794 (43s)
✔ [9070/11879] Built Zeta23.ThmD.Sextuple.Macro.Chunks.Chunk2770 (7.4s)
✔ [9071/11879] Built Zeta23.ThmD.Sextuple.Macro.Chunks.Chunk2773 (13s)
✔ [9072/11879] Built Zeta23.ThmD.Sextuple.Macro.Chunks.Chunk2768 (4.5s)
✔ [9073/11879] Built Zeta23.ThmD.Sextuple.Macro.Chunks.Chunk2767 (4.5s)
✔ [9074/11879] Built Zeta23.ThmD.Sextuple.Macro.Chunks.Chunk2766 (4.9s)
✔ [9075/11879] Built Zeta23.ThmD.Sextuple.Macro.Chunks.Chunk2765 (5.2s)
✔ [9076/11879] Built Zeta23.ThmD.Sextuple.Macro.Chunks.Chunk2763 (5.3s)
✔ [9077/11879] Built Zeta23.ThmD.Sextuple.Macro.Chunks.Chunk2760 (4.6s)
✔ [9078/11879] Built Zeta23.ThmD.Sextuple.Macro.Chunks.Chunk2774 (24s)
✔ [9079/11879] Built Zeta23.ThmD.Sextuple.Macro.Chunks.Chunk2771 (23s)
✔ [9080/11879] Built Zeta23.ThmD.Sextuple.Macro.Chunks.Chunk2779 (33s)
✔ [9081/11879] Built Zeta23.ThmD.Sextuple.Macro.Chunks.Chunk2776 (33s)
✔ [9082/11879] Built Zeta23.ThmD.Sextuple.Macro.Chunks.Chunk2762 (14s)
✔ [9083/11879] Built Zeta23.ThmD.Sextuple.Macro.Chunks.Chunk2754 (4.4s)
✔ [9084/11879] Built Zeta23.ThmD.Sextuple.Macro.Chunks.Chunk2764 (22s)
✔ [9085/11879] Built Zeta23.ThmD.Sextuple.Macro.Chunks.Chunk2752 (4.2s)
✔ [9086/11879] Built Zeta23.ThmD.Sextuple.Macro.Chunks.Chunk2759 (19s)
✔ [9087/11879] Built Zeta23.ThmD.Sextuple.Macro.Chunks.Chunk2751 (4.4s)
✔ [9088/11879] Built Zeta23.ThmD.Sextuple.Macro.Chunks.Chunk2756 (13s)
✔ [9089/11879] Built Zeta23.ThmD.Sextuple.Macro.Chunks.Chunk2769 (33s)
✔ [9090/11879] Built Zeta23.ThmD.Sextuple.Macro.Chunks.Chunk2750 (4.3s)
✔ [9091/11879] Built Zeta23.ThmD.Sextuple.Macro.Chunks.Chunk2757 (18s)
✔ [9092/11879] Built Zeta23.ThmD.Sextuple.Macro.Chunks.Chunk2749 (4.4s)
✔ [9093/11879] Built Zeta23.ThmD.Sextuple.Macro.Chunks.Chunk2748 (5.6s)
✔ [9094/11879] Built Zeta23.ThmD.Sextuple.Macro.Chunks.Chunk2746 (5.8s)
✔ [9095/11879] Built Zeta23.ThmD.Sextuple.Macro.Chunks.Chunk2744 (5.5s)
✔ [9096/11879] Built Zeta23.ThmD.Sextuple.Macro.Chunks.Chunk2758 (25s)
✔ [9097/11879] Built Zeta23.ThmD.Sextuple.Macro.Chunks.Chunk2747 (8.0s)
✔ [9098/11879] Built Zeta23.ThmD.Sextuple.Macro.Chunks.Chunk2755 (26s)
✔ [9099/11879] Built Zeta23.ThmD.Sextuple.Macro.Chunks.Chunk2761 (36s)
✔ [9100/11879] Built Zeta23.ThmD.Sextuple.Macro.Chunks.Chunk2741 (7.1s)
✔ [9101/11879] Built Zeta23.ThmD.Sextuple.Macro.Chunks.Chunk2739 (6.9s)
✔ [9102/11879] Built Zeta23.ThmD.Sextuple.Macro.Chunks.Chunk2753 (26s)
✔ [9103/11879] Built Zeta23.ThmD.Sextuple.Macro.Chunks.Chunk2742 (11s)
✔ [9104/11879] Built Zeta23.ThmD.Sextuple.Macro.Chunks.Chunk2737 (4.8s)
✔ [9105/11879] Built Zeta23.ThmD.Sextuple.Macro.Chunks.Chunk2736 (5.3s)
✔ [9106/11879] Built Zeta23.ThmD.Sextuple.Macro.Chunks.Chunk2735 (5.4s)
✔ [9107/11879] Built Zeta23.ThmD.Sextuple.Macro.Chunks.Chunk2738 (16s)
✔ [9108/11879] Built Zeta23.ThmD.Sextuple.Macro.Chunks.Chunk2734 (10s)
✔ [9109/11879] Built Zeta23.ThmD.Sextuple.Macro.Chunks.Chunk2740 (19s)
✔ [9110/11879] Built Zeta23.ThmD.Sextuple.Macro.Chunks.Chunk2728 (4.8s)
✔ [9111/11879] Built Zeta23.ThmD.Sextuple.Macro.Chunks.Chunk2743 (26s)
✔ [9112/11879] Built Zeta23.ThmD.Sextuple.Macro.Chunks.Chunk2732 (14s)
✔ [9113/11879] Built Zeta23.ThmD.Sextuple.Macro.Chunks.Chunk2725 (5.3s)
✔ [9114/11879] Built Zeta23.ThmD.Sextuple.Macro.Chunks.Chunk2724 (5.3s)
✔ [9115/11879] Built Zeta23.ThmD.Sextuple.Macro.Chunks.Chunk2723 (4.0s)
✔ [9116/11879] Built Zeta23.ThmD.Sextuple.Macro.Chunks.Chunk2745 (35s)
✔ [9117/11879] Built Zeta23.ThmD.Sextuple.Macro.Chunks.Chunk2722 (5.1s)
✔ [9118/11879] Built Zeta23.ThmD.Sextuple.Macro.Chunks.Chunk2729 (20s)
✔ [9119/11879] Built Zeta23.ThmD.Sextuple.Macro.Chunks.Chunk2730 (21s)
✔ [9120/11879] Built Zeta23.ThmD.Sextuple.Macro.Chunks.Chunk2726 (14s)
✔ [9121/11879] Built Zeta23.ThmD.Sextuple.Macro.Chunks.Chunk2720 (5.4s)
✔ [9122/11879] Built Zeta23.ThmD.Sextuple.Macro.Chunks.Chunk2719 (5.0s)
✔ [9123/11879] Built Zeta23.ThmD.Sextuple.Macro.Chunks.Chunk2721 (7.5s)
✔ [9124/11879] Built Zeta23.ThmD.Sextuple.Macro.Chunks.Chunk2717 (7.4s)
✔ [9125/11879] Built Zeta23.ThmD.Sextuple.Macro.Chunks.Chunk2707 (6.0s)
✔ [9126/11879] Built Zeta23.ThmD.Sextuple.Macro.Chunks.Chunk2715 (7.8s)
✔ [9127/11879] Built Zeta23.ThmD.Sextuple.Macro.Chunks.Chunk2727 (25s)
✔ [9128/11879] Built Zeta23.ThmD.Sextuple.Macro.Chunks.Chunk2731 (34s)
✔ [9129/11879] Built Zeta23.ThmD.Sextuple.Macro.Chunks.Chunk2703 (4.0s)
✔ [9130/11879] Built Zeta23.ThmD.Sextuple.Macro.Chunks.Chunk2733 (37s)
✔ [9131/11879] Built Zeta23.ThmD.Sextuple.Macro.Chunks.Chunk2702 (4.0s)
✔ [9132/11879] Built Zeta23.ThmD.Sextuple.Macro.Chunks.Chunk2701 (4.9s)
✔ [9133/11879] Built Zeta23.ThmD.Sextuple.Macro.Chunks.Chunk2699 (4.9s)
✔ [9134/11879] Built Zeta23.ThmD.Sextuple.Macro.Chunks.Chunk2705 (15s)
✔ [9135/11879] Built Zeta23.ThmD.Sextuple.Macro.Chunks.Chunk2700 (6.3s)
✔ [9136/11879] Built Zeta23.ThmD.Sextuple.Macro.Chunks.Chunk2698 (5.1s)
✔ [9137/11879] Built Zeta23.ThmD.Sextuple.Macro.Chunks.Chunk2697 (5.2s)
✔ [9138/11879] Built Zeta23.ThmD.Sextuple.Macro.Chunks.Chunk2716 (21s)
✔ [9139/11879] Built Zeta23.ThmD.Sextuple.Macro.Chunks.Chunk2706 (21s)
✔ [9140/11879] Built Zeta23.ThmD.Sextuple.Macro.Chunks.Chunk2713 (5.8s)
✔ [9141/11879] Built Zeta23.ThmD.Sextuple.Macro.Chunks.Chunk2712 (5.7s)
✔ [9142/11879] Built Zeta23.ThmD.Sextuple.Macro.Chunks.Chunk2711 (5.8s)
✔ [9143/11879] Built Zeta23.ThmD.Sextuple.Macro.Chunks.Chunk2704 (24s)
✔ [9144/11879] Built Zeta23.ThmD.Sextuple.Macro.Chunks.Chunk2714 (15s)
✔ [9145/11879] Built Zeta23.ThmD.Sextuple.Macro.Chunks.Chunk2695 (9.3s)
✔ [9146/11879] Built Zeta23.ThmD.Sextuple.Macro.Chunks.Chunk2718 (35s)
✔ [9147/11879] Built Zeta23.ThmD.Sextuple.Macro.Chunks.Chunk2692 (4.4s)
✔ [9148/11879] Built Zeta23.ThmD.Sextuple.Macro.Chunks.Chunk2694 (12s)
✔ [9149/11879] Built Zeta23.ThmD.Sextuple.Macro.Chunks.Chunk2690 (4.9s)
✔ [9150/11879] Built Zeta23.ThmD.Sextuple.Macro.Chunks.Chunk2691 (4.0s)
✔ [9151/11879] Built Zeta23.ThmD.Sextuple.Macro.Chunks.Chunk2708 (17s)
✔ [9152/11879] Built Zeta23.ThmD.Sextuple.Macro.Chunks.Chunk2689 (5.4s)
✔ [9153/11879] Built Zeta23.ThmD.Sextuple.Macro.Chunks.Chunk2687 (7.8s)
✔ [9154/11879] Built Zeta23.ThmD.Sextuple.Macro.Chunks.Chunk2688 (9.3s)
✔ [9155/11879] Built Zeta23.ThmD.Sextuple.Macro.Chunks.Chunk2693 (20s)
✔ [9156/11879] Built Zeta23.ThmD.Sextuple.Macro.Chunks.Chunk2685 (7.8s)
✔ [9157/11879] Built Zeta23.ThmD.Sextuple.Macro.Chunks.Chunk2686 (7.7s)
✔ [9158/11879] Built Zeta23.ThmD.Sextuple.Macro.Chunks.Chunk2696 (31s)
✔ [9159/11879] Built Zeta23.ThmD.Sextuple.Macro.Chunks.Chunk2679 (8.2s)
✔ [9160/11879] Built Zeta23.ThmD.Sextuple.Macro.Chunks.Chunk2678 (9.7s)
✔ [9161/11879] Built Zeta23.ThmD.Sextuple.Macro.Chunks.Chunk2710 (36s)
✔ [9162/11879] Built Zeta23.ThmD.Sextuple.Macro.Chunks.Chunk2709 (35s)
✔ [9163/11879] Built Zeta23.ThmD.Sextuple.Macro.Chunks.Chunk2681 (11s)
✔ [9164/11879] Built Zeta23.ThmD.Sextuple.Macro.Chunks.Chunk2680 (11s)
✔ [9165/11879] Built Zeta23.ThmD.Sextuple.Macro.Chunks.Chunk2683 (18s)
✔ [9166/11879] Built Zeta23.ThmD.Sextuple.Macro.Chunks.Chunk2671 (5.7s)
✔ [9167/11879] Built Zeta23.ThmD.Sextuple.Macro.Chunks.Chunk2672 (5.8s)
✔ [9168/11879] Built Zeta23.ThmD.Sextuple.Macro.Chunks.Chunk2670 (4.4s)
✔ [9169/11879] Built Zeta23.ThmD.Sextuple.Macro.Chunks.Chunk2677 (21s)
✔ [9170/11879] Built Zeta23.ThmD.Sextuple.Macro.Chunks.Chunk2667 (4.4s)
✔ [9171/11879] Built Zeta23.ThmD.Sextuple.Macro.Chunks.Chunk2684 (29s)
✔ [9172/11879] Built Zeta23.ThmD.Sextuple.Macro.Chunks.Chunk2682 (28s)
✔ [9173/11879] Built Zeta23.ThmD.Sextuple.Macro.Chunks.Chunk2673 (15s)
✔ [9174/11879] Built Zeta23.ThmD.Sextuple.Macro.Chunks.Chunk2665 (4.5s)
✔ [9175/11879] Built Zeta23.ThmD.Sextuple.Macro.Chunks.Chunk2675 (19s)
✔ [9176/11879] Built Zeta23.ThmD.Sextuple.Macro.Chunks.Chunk2664 (4.4s)
✔ [9177/11879] Built Zeta23.ThmD.Sextuple.Macro.Chunks.Chunk2663 (5.0s)
✔ [9178/11879] Built Zeta23.ThmD.Sextuple.Macro.Chunks.Chunk2660 (5.0s)
✔ [9179/11879] Built Zeta23.ThmD.Sextuple.Macro.Chunks.Chunk2666 (15s)
✔ [9180/11879] Built Zeta23.ThmD.Sextuple.Macro.Chunks.Chunk2657 (4.2s)
✔ [9181/11879] Built Zeta23.ThmD.Sextuple.Macro.Chunks.Chunk2676 (31s)
✔ [9182/11879] Built Zeta23.ThmD.Sextuple.Macro.Chunks.Chunk2656 (4.4s)
✔ [9183/11879] Built Zeta23.ThmD.Sextuple.Macro.Chunks.Chunk2674 (31s)
✔ [9184/11879] Built Zeta23.ThmD.Sextuple.Macro.Chunks.Chunk2655 (4.4s)
✔ [9185/11879] Built Zeta23.ThmD.Sextuple.Macro.Chunks.Chunk2669 (28s)
✔ [9186/11879] Built Zeta23.ThmD.Sextuple.Macro.Chunks.Chunk2652 (4.0s)
✔ [9187/11879] Built Zeta23.ThmD.Sextuple.Macro.Chunks.Chunk2658 (18s)
✔ [9188/11879] Built Zeta23.ThmD.Sextuple.Macro.Chunks.Chunk2668 (33s)
✔ [9189/11879] Built Zeta23.ThmD.Sextuple.Macro.Chunks.Chunk2662 (24s)
✔ [9190/11879] Built Zeta23.ThmD.Sextuple.Macro.Chunks.Chunk2648 (4.6s)
✔ [9191/11879] Built Zeta23.ThmD.Sextuple.Macro.Chunks.Chunk2646 (4.7s)
✔ [9192/11879] Built Zeta23.ThmD.Sextuple.Macro.Chunks.Chunk2647 (4.0s)
✔ [9193/11879] Built Zeta23.ThmD.Sextuple.Macro.Chunks.Chunk2661 (29s)
✔ [9194/11879] Built Zeta23.ThmD.Sextuple.Macro.Chunks.Chunk2659 (30s)
✔ [9195/11879] Built Zeta23.ThmD.Sextuple.Macro.Chunks.Chunk2643 (5.3s)
✔ [9196/11879] Built Zeta23.ThmD.Sextuple.Macro.Chunks.Chunk2651 (20s)
✔ [9197/11879] Built Zeta23.ThmD.Sextuple.Macro.Chunks.Chunk2649 (15s)
✔ [9198/11879] Built Zeta23.ThmD.Sextuple.Macro.Chunks.Chunk2654 (26s)
✔ [9199/11879] Built Zeta23.ThmD.Sextuple.Macro.Chunks.Chunk2653 (25s)
✔ [9200/11879] Built Zeta23.ThmD.Sextuple.Macro.Chunks.Chunk2639 (4.7s)
✔ [9201/11879] Built Zeta23.ThmD.Sextuple.Macro.Chunks.Chunk2638 (4.6s)
✔ [9202/11879] Built Zeta23.ThmD.Sextuple.Macro.Chunks.Chunk2637 (4.7s)
✔ [9203/11879] Built Zeta23.ThmD.Sextuple.Macro.Chunks.Chunk2636 (5.1s)
✔ [9204/11879] Built Zeta23.ThmD.Sextuple.Macro.Chunks.Chunk2635 (5.1s)
✔ [9205/11879] Built Zeta23.ThmD.Sextuple.Macro.Chunks.Chunk2634 (4.9s)
✔ [9206/11879] Built Zeta23.ThmD.Sextuple.Macro.Chunks.Chunk2633 (4.3s)
✔ [9207/11879] Built Zeta23.ThmD.Sextuple.Macro.Chunks.Chunk2632 (5.0s)
✔ [9208/11879] Built Zeta23.ThmD.Sextuple.Macro.Chunks.Chunk2650 (31s)
✔ [9209/11879] Built Zeta23.ThmD.Sextuple.Macro.Chunks.Chunk2645 (22s)
✔ [9210/11879] Built Zeta23.ThmD.Sextuple.Macro.Chunks.Chunk2630 (5.2s)
✔ [9211/11879] Built Zeta23.ThmD.Sextuple.Macro.Chunks.Chunk2631 (5.3s)
✔ [9212/11879] Built Zeta23.ThmD.Sextuple.Macro.Chunks.Chunk2641 (19s)
✔ [9213/11879] Built Zeta23.ThmD.Sextuple.Macro.Chunks.Chunk2644 (23s)
✔ [9214/11879] Built Zeta23.ThmD.Sextuple.Macro.Chunks.Chunk2629 (4.3s)
✔ [9215/11879] Built Zeta23.ThmD.Sextuple.Macro.Chunks.Chunk2628 (6.1s)
✔ [9216/11879] Built Zeta23.ThmD.Sextuple.Macro.Chunks.Chunk2642 (29s)
✔ [9217/11879] Built Zeta23.ThmD.Sextuple.Macro.Chunks.Chunk2625 (10s)
✔ [9218/11879] Built Zeta23.ThmD.Sextuple.Macro.Chunks.Chunk2626 (11s)
✔ [9219/11879] Built Zeta23.ThmD.Sextuple.Macro.Chunks.Chunk2619 (4.1s)
✔ [9220/11879] Built Zeta23.ThmD.Sextuple.Macro.Chunks.Chunk2620 (8.6s)
✔ [9221/11879] Built Zeta23.ThmD.Sextuple.Macro.Chunks.Chunk2640 (31s)
✔ [9222/11879] Built Zeta23.ThmD.Sextuple.Macro.Chunks.Chunk2618 (4.3s)
✔ [9223/11879] Built Zeta23.ThmD.Sextuple.Macro.Chunks.Chunk2617 (4.3s)
✔ [9224/11879] Built Zeta23.ThmD.Sextuple.Macro.Chunks.Chunk2622 (14s)
✔ [9225/11879] Built Zeta23.ThmD.Sextuple.Macro.Chunks.Chunk2624 (16s)
✔ [9226/11879] Built Zeta23.ThmD.Sextuple.Macro.Chunks.Chunk2621 (15s)
✔ [9227/11879] Built Zeta23.ThmD.Sextuple.Macro.Chunks.Chunk2616 (4.3s)
✔ [9228/11879] Built Zeta23.ThmD.Sextuple.Macro.Chunks.Chunk2614 (5.1s)
✔ [9229/11879] Built Zeta23.ThmD.Sextuple.Macro.Chunks.Chunk2623 (18s)
✔ [9230/11879] Built Zeta23.ThmD.Sextuple.Macro.Chunks.Chunk2613 (5.6s)
✔ [9231/11879] Built Zeta23.ThmD.Sextuple.Macro.Chunks.Chunk2611 (5.7s)
✔ [9232/11879] Built Zeta23.ThmD.Sextuple.Macro.Chunks.Chunk2612 (5.0s)
✔ [9233/11879] Built Zeta23.ThmD.Sextuple.Macro.Chunks.Chunk2615 (9.5s)
✔ [9234/11879] Built Zeta23.ThmD.Sextuple.Macro.Chunks.Chunk2607 (12s)
✔ [9235/11879] Built Zeta23.ThmD.Sextuple.Macro.Chunks.Chunk2608 (16s)
✔ [9236/11879] Built Zeta23.ThmD.Sextuple.Macro.Chunks.Chunk2605 (14s)
✔ [9237/11879] Built Zeta23.ThmD.Sextuple.Macro.Chunks.Chunk2609 (20s)
✔ [9238/11879] Built Zeta23.ThmD.Sextuple.Macro.Chunks.Chunk2610 (21s)
✔ [9239/11879] Built Zeta23.ThmD.Sextuple.Macro.Chunks.Chunk2627 (39s)
✔ [9240/11879] Built Zeta23.ThmD.Sextuple.Macro.Chunks.Chunk2602 (15s)
✔ [9241/11879] Built Zeta23.ThmD.Sextuple.Macro.Chunks.Chunk2601 (11s)
✔ [9242/11879] Built Zeta23.ThmD.Sextuple.Macro.Chunks.Chunk2606 (26s)
✔ [9243/11879] Built Zeta23.ThmD.Sextuple.Macro.Chunks.Chunk2603 (25s)
✔ [9244/11879] Built Zeta23.ThmD.Sextuple.Macro.Chunks.Chunk2604 (26s)
✔ [9245/11879] Built Zeta23.ThmD.Sextuple.Macro.Chunks.Chunk2597 (11s)
✔ [9246/11879] Built Zeta23.ThmD.Sextuple.Macro.Chunks.Chunk2595 (11s)
✔ [9247/11879] Built Zeta23.ThmD.Sextuple.Macro.Chunks.Chunk2598 (15s)
✔ [9248/11879] Built Zeta23.ThmD.Sextuple.Macro.Chunks.Chunk2599 (18s)
✔ [9249/11879] Built Zeta23.ThmD.Sextuple.Macro.Chunks.Chunk2591 (11s)
✔ [9250/11879] Built Zeta23.ThmD.Sextuple.Macro.Chunks.Chunk2596 (25s)
✔ [9251/11879] Built Zeta23.ThmD.Sextuple.Macro.Chunks.Chunk2600 (30s)
✔ [9252/11879] Built Zeta23.ThmD.Sextuple.Macro.Chunks.Chunk2589 (13s)
✔ [9253/11879] Built Zeta23.ThmD.Sextuple.Macro.Chunks.Chunk2592 (17s)
✔ [9254/11879] Built Zeta23.ThmD.Sextuple.Macro.Chunks.Chunk2594 (23s)
✔ [9255/11879] Built Zeta23.ThmD.Sextuple.Macro.Chunks.Chunk2593 (20s)
✔ [9256/11879] Built Zeta23.ThmD.Sextuple.Macro.Chunks.Chunk2590 (23s)
✔ [9257/11879] Built Zeta23.ThmD.Sextuple.Macro.Chunks.Chunk2584 (12s)
✔ [9258/11879] Built Zeta23.ThmD.Sextuple.Macro.Chunks.Chunk2586 (17s)
✔ [9259/11879] Built Zeta23.ThmD.Sextuple.Macro.Chunks.Chunk2585 (13s)
✔ [9260/11879] Built Zeta23.ThmD.Sextuple.Macro.Chunks.Chunk2580 (13s)
✔ [9261/11879] Built Zeta23.ThmD.Sextuple.Macro.Chunks.Chunk2587 (28s)
✔ [9262/11879] Built Zeta23.ThmD.Sextuple.Macro.Chunks.Chunk2588 (29s)
✔ [9263/11879] Built Zeta23.ThmD.Sextuple.Macro.Chunks.Chunk2581 (17s)
✔ [9264/11879] Built Zeta23.ThmD.Sextuple.Macro.Chunks.Chunk2579 (12s)
✔ [9265/11879] Built Zeta23.ThmD.Sextuple.Macro.Chunks.Chunk2577 (8.9s)
✔ [9266/11879] Built Zeta23.ThmD.Sextuple.Macro.Chunks.Chunk2573 (6.1s)
✔ [9267/11879] Built Zeta23.ThmD.Sextuple.Macro.Chunks.Chunk2583 (25s)
✔ [9268/11879] Built Zeta23.ThmD.Sextuple.Macro.Chunks.Chunk2582 (25s)
✔ [9269/11879] Built Zeta23.ThmD.Sextuple.Macro.Chunks.Chunk2575 (11s)
✔ [9270/11879] Built Zeta23.ThmD.Sextuple.Macro.Chunks.Chunk2571 (7.7s)
✔ [9271/11879] Built Zeta23.ThmD.Sextuple.Macro.Chunks.Chunk2576 (16s)
✔ [9272/11879] Built Zeta23.ThmD.Sextuple.Macro.Chunks.Chunk2570 (11s)
✔ [9273/11879] Built Zeta23.ThmD.Sextuple.Macro.Chunks.Chunk2567 (7.7s)
✔ [9274/11879] Built Zeta23.ThmD.Sextuple.Macro.Chunks.Chunk2578 (23s)
✔ [9275/11879] Built Zeta23.ThmD.Sextuple.Macro.Chunks.Chunk2572 (16s)
✔ [9276/11879] Built Zeta23.ThmD.Sextuple.Macro.Chunks.Chunk2564 (7.5s)
✔ [9277/11879] Built Zeta23.ThmD.Sextuple.Macro.Chunks.Chunk2562 (6.8s)
✔ [9278/11879] Built Zeta23.ThmD.Sextuple.Macro.Chunks.Chunk2568 (14s)
✔ [9279/11879] Built Zeta23.ThmD.Sextuple.Macro.Chunks.Chunk2559 (4.6s)
✔ [9280/11879] Built Zeta23.ThmD.Sextuple.Macro.Chunks.Chunk2561 (7.4s)
✔ [9281/11879] Built Zeta23.ThmD.Sextuple.Macro.Chunks.Chunk2565 (14s)
✔ [9282/11879] Built Zeta23.ThmD.Sextuple.Macro.Chunks.Chunk2557 (5.5s)
✔ [9283/11879] Built Zeta23.ThmD.Sextuple.Macro.Chunks.Chunk2558 (5.5s)
✔ [9284/11879] Built Zeta23.ThmD.Sextuple.Macro.Chunks.Chunk2555 (5.3s)
✔ [9285/11879] Built Zeta23.ThmD.Sextuple.Macro.Chunks.Chunk2574 (31s)
✔ [9286/11879] Built Zeta23.ThmD.Sextuple.Macro.Chunks.Chunk2563 (16s)
✔ [9287/11879] Built Zeta23.ThmD.Sextuple.Macro.Chunks.Chunk2569 (26s)
✔ [9288/11879] Built Zeta23.ThmD.Sextuple.Macro.Chunks.Chunk2566 (27s)
✔ [9289/11879] Built Zeta23.ThmD.Sextuple.Macro.Chunks.Chunk2554 (14s)
✔ [9290/11879] Built Zeta23.ThmD.Sextuple.Macro.Chunks.Chunk2547 (4.1s)
✔ [9291/11879] Built Zeta23.ThmD.Sextuple.Macro.Chunks.Chunk2549 (11s)
✔ [9292/11879] Built Zeta23.ThmD.Sextuple.Macro.Chunks.Chunk2546 (4.2s)
✔ [9293/11879] Built Zeta23.ThmD.Sextuple.Macro.Chunks.Chunk2545 (4.1s)
✔ [9294/11879] Built Zeta23.ThmD.Sextuple.Macro.Chunks.Chunk2544 (4.5s)
✔ [9295/11879] Built Zeta23.ThmD.Sextuple.Macro.Chunks.Chunk2543 (4.4s)
✔ [9296/11879] Built Zeta23.ThmD.Sextuple.Macro.Chunks.Chunk2542 (4.1s)
✔ [9297/11879] Built Zeta23.ThmD.Sextuple.Macro.Chunks.Chunk2560 (32s)
✔ [9298/11879] Built Zeta23.ThmD.Sextuple.Macro.Chunks.Chunk2541 (4.6s)
✔ [9299/11879] Built Zeta23.ThmD.Sextuple.Macro.Chunks.Chunk2552 (25s)
✔ [9300/11879] Built Zeta23.ThmD.Sextuple.Macro.Chunks.Chunk2550 (23s)
✔ [9301/11879] Built Zeta23.ThmD.Sextuple.Macro.Chunks.Chunk2556 (32s)
✔ [9302/11879] Built Zeta23.ThmD.Sextuple.Macro.Chunks.Chunk2548 (27s)
✔ [9303/11879] Built Zeta23.ThmD.Sextuple.Macro.Chunks.Chunk2553 (31s)
✔ [9304/11879] Built Zeta23.ThmD.Sextuple.Macro.Chunks.Chunk2534 (4.6s)
✔ [9305/11879] Built Zeta23.ThmD.Sextuple.Macro.Chunks.Chunk2551 (30s)
✔ [9306/11879] Built Zeta23.ThmD.Sextuple.Macro.Chunks.Chunk2539 (12s)
✔ [9307/11879] Built Zeta23.ThmD.Sextuple.Macro.Chunks.Chunk2537 (10s)
✔ [9308/11879] Built Zeta23.ThmD.Sextuple.Macro.Chunks.Chunk2536 (11s)
✔ [9309/11879] Built Zeta23.ThmD.Sextuple.Macro.Chunks.Chunk2538 (14s)
✔ [9310/11879] Built Zeta23.ThmD.Sextuple.Macro.Chunks.Chunk2526 (4.4s)
✔ [9311/11879] Built Zeta23.ThmD.Sextuple.Macro.Chunks.Chunk2533 (10s)
✔ [9312/11879] Built Zeta23.ThmD.Sextuple.Macro.Chunks.Chunk2540 (25s)
✔ [9313/11879] Built Zeta23.ThmD.Sextuple.Macro.Chunks.Chunk2525 (4.7s)
✔ [9314/11879] Built Zeta23.ThmD.Sextuple.Macro.Chunks.Chunk2524 (4.5s)
✔ [9315/11879] Built Zeta23.ThmD.Sextuple.Macro.Chunks.Chunk2530 (15s)
✔ [9316/11879] Built Zeta23.ThmD.Sextuple.Macro.Chunks.Chunk2527 (12s)
✔ [9317/11879] Built Zeta23.ThmD.Sextuple.Macro.Chunks.Chunk2522 (5.3s)
✔ [9318/11879] Built Zeta23.ThmD.Sextuple.Macro.Chunks.Chunk2521 (5.2s)
✔ [9319/11879] Built Zeta23.ThmD.Sextuple.Macro.Chunks.Chunk2520 (4.9s)
✔ [9320/11879] Built Zeta23.ThmD.Sextuple.Macro.Chunks.Chunk2519 (4.3s)
✔ [9321/11879] Built Zeta23.ThmD.Sextuple.Macro.Chunks.Chunk2535 (27s)
✔ [9322/11879] Built Zeta23.ThmD.Sextuple.Macro.Chunks.Chunk2518 (5.2s)
✔ [9323/11879] Built Zeta23.ThmD.Sextuple.Macro.Chunks.Chunk2523 (12s)
✔ [9324/11879] Built Zeta23.ThmD.Sextuple.Macro.Chunks.Chunk2514 (4.5s)
✔ [9325/11879] Built Zeta23.ThmD.Sextuple.Macro.Chunks.Chunk2531 (27s)
✔ [9326/11879] Built Zeta23.ThmD.Sextuple.Macro.Chunks.Chunk2532 (28s)
✔ [9327/11879] Built Zeta23.ThmD.Sextuple.Macro.Chunks.Chunk2528 (25s)
✔ [9328/11879] Built Zeta23.ThmD.Sextuple.Macro.Chunks.Chunk2517 (10s)
✔ [9329/11879] Built Zeta23.ThmD.Sextuple.Macro.Chunks.Chunk2512 (6.6s)
✔ [9330/11879] Built Zeta23.ThmD.Sextuple.Macro.Chunks.Chunk2485 (5.6s)
✔ [9331/11879] Built Zeta23.ThmD.Sextuple.Macro.Chunks.Chunk2484 (5.7s)
✔ [9332/11879] Built Zeta23.ThmD.Sextuple.Macro.Chunks.Chunk2529 (31s)
✔ [9333/11879] Built Zeta23.ThmD.Sextuple.Macro.Chunks.Chunk2483 (5.6s)
✔ [9334/11879] Built Zeta23.ThmD.Sextuple.Macro.Chunks.Chunk2515 (12s)
✔ [9335/11879] Built Zeta23.ThmD.Sextuple.Macro.Chunks.Chunk2482 (4.7s)
✔ [9336/11879] Built Zeta23.ThmD.Sextuple.Macro.Chunks.Chunk2481 (5.5s)
✔ [9337/11879] Built Zeta23.ThmD.Sextuple.Macro.Chunks.Chunk2511 (11s)
✔ [9338/11879] Built Zeta23.ThmD.Sextuple.Macro.Chunks.Chunk2478 (6.4s)
✔ [9339/11879] Built Zeta23.ThmD.Sextuple.Macro.Chunks.Chunk2509 (6.3s)
✔ [9340/11879] Built Zeta23.ThmD.Sextuple.Macro.Chunks.Chunk2510 (7.3s)
✔ [9341/11879] Built Zeta23.ThmD.Sextuple.Macro.Chunks.Chunk2480 (9.3s)
✔ [9342/11879] Built Zeta23.ThmD.Sextuple.Macro.Chunks.Chunk2507 (4.6s)
✔ [9343/11879] Built Zeta23.ThmD.Sextuple.Macro.Chunks.Chunk2506 (4.7s)
✔ [9344/11879] Built Zeta23.ThmD.Sextuple.Macro.Chunks.Chunk2516 (26s)
✔ [9345/11879] Built Zeta23.ThmD.Sextuple.Macro.Chunks.Chunk2502 (12s)
✔ [9346/11879] Built Zeta23.ThmD.Sextuple.Macro.Chunks.Chunk2513 (30s)
✔ [9347/11879] Built Zeta23.ThmD.Sextuple.Macro.Chunks.Chunk2504 (20s)
✔ [9348/11879] Built Zeta23.ThmD.Sextuple.Macro.Chunks.Chunk2503 (20s)
✔ [9349/11879] Built Zeta23.ThmD.Sextuple.Macro.Chunks.Chunk2505 (22s)
✔ [9350/11879] Built Zeta23.ThmD.Sextuple.Macro.Chunks.Chunk2501 (22s)
✔ [9351/11879] Built Zeta23.ThmD.Sextuple.Macro.Chunks.Chunk2499 (17s)
✔ [9352/11879] Built Zeta23.ThmD.Sextuple.Macro.Chunks.Chunk2497 (9.6s)
✔ [9353/11879] Built Zeta23.ThmD.Sextuple.Macro.Chunks.Chunk2479 (33s)
✔ [9354/11879] Built Zeta23.ThmD.Sextuple.Macro.Chunks.Chunk2494 (4.8s)
✔ [9355/11879] Built Zeta23.ThmD.Sextuple.Macro.Chunks.Chunk2493 (5.4s)
✔ [9356/11879] Built Zeta23.ThmD.Sextuple.Macro.Chunks.Chunk2508 (37s)
✔ [9357/11879] Built Zeta23.ThmD.Sextuple.Macro.Chunks.Chunk2487 (4.1s)
✔ [9358/11879] Built Zeta23.ThmD.Sextuple.Macro.Chunks.Chunk2500 (33s)
✔ [9359/11879] Built Zeta23.ThmD.Sextuple.Macro.Chunks.Chunk2498 (25s)
✔ [9360/11879] Built Zeta23.ThmD.Sextuple.Macro.Chunks.Chunk2492 (16s)
✔ [9361/11879] Built Zeta23.ThmD.Sextuple.Macro.Chunks.Chunk2496 (22s)
✔ [9362/11879] Built Zeta23.ThmD.Sextuple.Macro.Chunks.Chunk2495 (21s)
✔ [9363/11879] Built Zeta23.ThmD.Sextuple.Macro.Chunks.Chunk2489 (17s)
✔ [9364/11879] Built Zeta23.ThmD.Sextuple.Macro.Chunks.Chunk2476 (6.2s)
✔ [9365/11879] Built Zeta23.ThmD.Sextuple.Macro.Chunks.Chunk2488 (16s)
✔ [9366/11879] Built Zeta23.ThmD.Sextuple.Macro.Chunks.Chunk2474 (6.1s)
✔ [9367/11879] Built Zeta23.ThmD.Sextuple.Macro.Chunks.Chunk2490 (22s)
✔ [9368/11879] Built Zeta23.ThmD.Sextuple.Macro.Chunks.Chunk2470 (5.1s)
✔ [9369/11879] Built Zeta23.ThmD.Sextuple.Macro.Chunks.Chunk2491 (28s)
✔ [9370/11879] Built Zeta23.ThmD.Sextuple.Macro.Chunks.Chunk2469 (4.7s)
✔ [9371/11879] Built Zeta23.ThmD.Sextuple.Macro.Chunks.Chunk2468 (4.6s)
✔ [9372/11879] Built Zeta23.ThmD.Sextuple.Macro.Chunks.Chunk2467 (4.3s)
✔ [9373/11879] Built Zeta23.ThmD.Sextuple.Macro.Chunks.Chunk2486 (22s)
✔ [9374/11879] Built Zeta23.ThmD.Sextuple.Macro.Chunks.Chunk2465 (4.0s)
✔ [9375/11879] Built Zeta23.ThmD.Sextuple.Macro.Chunks.Chunk2466 (6.3s)
✔ [9376/11879] Built Zeta23.ThmD.Sextuple.Macro.Chunks.Chunk2463 (4.6s)
✔ [9377/11879] Built Zeta23.ThmD.Sextuple.Macro.Chunks.Chunk2471 (15s)
✔ [9378/11879] Built Zeta23.ThmD.Sextuple.Macro.Chunks.Chunk2472 (18s)
✔ [9379/11879] Built Zeta23.ThmD.Sextuple.Macro.Chunks.Chunk2477 (27s)
✔ [9380/11879] Built Zeta23.ThmD.Sextuple.Macro.Chunks.Chunk2462 (5.9s)
✔ [9381/11879] Built Zeta23.ThmD.Sextuple.Macro.Chunks.Chunk2475 (23s)
✔ [9382/11879] Built Zeta23.ThmD.Sextuple.Macro.Chunks.Chunk2459 (5.3s)
✔ [9383/11879] Built Zeta23.ThmD.Sextuple.Macro.Chunks.Chunk2460 (6.4s)
✔ [9384/11879] Built Zeta23.ThmD.Sextuple.Macro.Chunks.Chunk2457 (4.8s)
✔ [9385/11879] Built Zeta23.ThmD.Sextuple.Macro.Chunks.Chunk2456 (5.8s)
✔ [9386/11879] Built Zeta23.ThmD.Sextuple.Macro.Chunks.Chunk2455 (5.0s)
✔ [9387/11879] Built Zeta23.ThmD.Sextuple.Macro.Chunks.Chunk2451 (4.3s)
✔ [9388/11879] Built Zeta23.ThmD.Sextuple.Macro.Chunks.Chunk2461 (14s)
✔ [9389/11879] Built Zeta23.ThmD.Sextuple.Macro.Chunks.Chunk2458 (12s)
✔ [9390/11879] Built Zeta23.ThmD.Sextuple.Macro.Chunks.Chunk2473 (32s)
✔ [9391/11879] Built Zeta23.ThmD.Sextuple.Macro.Chunks.Chunk2464 (22s)
✔ [9392/11879] Built Zeta23.ThmD.Sextuple.Macro.Chunks.Chunk2446 (5.2s)
✔ [9393/11879] Built Zeta23.ThmD.Sextuple.Macro.Chunks.Chunk2447 (5.4s)
✔ [9394/11879] Built Zeta23.ThmD.Sextuple.Macro.Chunks.Chunk2452 (14s)
✔ [9395/11879] Built Zeta23.ThmD.Sextuple.Macro.Chunks.Chunk2445 (4.6s)
✔ [9396/11879] Built Zeta23.ThmD.Sextuple.Macro.Chunks.Chunk2450 (12s)
✔ [9397/11879] Built Zeta23.ThmD.Sextuple.Macro.Chunks.Chunk2444 (6.1s)
✔ [9398/11879] Built Zeta23.ThmD.Sextuple.Macro.Chunks.Chunk2442 (5.7s)
✔ [9399/11879] Built Zeta23.ThmD.Sextuple.Macro.Chunks.Chunk2443 (5.7s)
✔ [9400/11879] Built Zeta23.ThmD.Sextuple.Macro.Chunks.Chunk2440 (5.6s)
✔ [9401/11879] Built Zeta23.ThmD.Sextuple.Macro.Chunks.Chunk2449 (17s)
✔ [9402/11879] Built Zeta23.ThmD.Sextuple.Macro.Chunks.Chunk2437 (5.8s)
✔ [9403/11879] Built Zeta23.ThmD.Sextuple.Macro.Chunks.Chunk2439 (8.1s)
✔ [9404/11879] Built Zeta23.ThmD.Sextuple.Macro.Chunks.Chunk2438 (7.4s)
✔ [9405/11879] Built Zeta23.ThmD.Sextuple.Macro.Chunks.Chunk2435 (5.0s)
✔ [9406/11879] Built Zeta23.ThmD.Sextuple.Macro.Chunks.Chunk2454 (26s)
✔ [9407/11879] Built Zeta23.ThmD.Sextuple.Macro.Chunks.Chunk2453 (26s)
✔ [9408/11879] Built Zeta23.ThmD.Sextuple.Macro.Chunks.Chunk2434 (4.5s)
✔ [9409/11879] Built Zeta23.ThmD.Sextuple.Macro.Chunks.Chunk2448 (21s)
✔ [9410/11879] Built Zeta23.ThmD.Sextuple.Macro.Chunks.Chunk2433 (6.3s)
✔ [9411/11879] Built Zeta23.ThmD.Sextuple.Macro.Chunks.Chunk2432 (6.8s)
✔ [9412/11879] Built Zeta23.ThmD.Sextuple.Macro.Chunks.Chunk2429 (6.6s)
✔ [9413/11879] Built Zeta23.ThmD.Sextuple.Macro.Chunks.Chunk2427 (6.2s)
✔ [9414/11879] Built Zeta23.ThmD.Sextuple.Macro.Chunks.Chunk2426 (5.2s)
✔ [9415/11879] Built Zeta23.ThmD.Sextuple.Macro.Chunks.Chunk2436 (17s)
✔ [9416/11879] Built Zeta23.ThmD.Sextuple.Macro.Chunks.Chunk2425 (5.6s)
✔ [9417/11879] Built Zeta23.ThmD.Sextuple.Macro.Chunks.Chunk2422 (5.5s)
✔ [9418/11879] Built Zeta23.ThmD.Sextuple.Macro.Chunks.Chunk2428 (14s)
✔ [9419/11879] Built Zeta23.ThmD.Sextuple.Macro.Chunks.Chunk2419 (4.7s)
✔ [9420/11879] Built Zeta23.ThmD.Sextuple.Macro.Chunks.Chunk2441 (27s)
✔ [9421/11879] Built Zeta23.ThmD.Sextuple.Macro.Chunks.Chunk2417 (4.9s)
✔ [9422/11879] Built Zeta23.ThmD.Sextuple.Macro.Chunks.Chunk2416 (5.1s)
✔ [9423/11879] Built Zeta23.ThmD.Sextuple.Macro.Chunks.Chunk2431 (25s)
✔ [9424/11879] Built Zeta23.ThmD.Sextuple.Macro.Chunks.Chunk2412 (4.9s)
✔ [9425/11879] Built Zeta23.ThmD.Sextuple.Macro.Chunks.Chunk2424 (20s)
✔ [9426/11879] Built Zeta23.ThmD.Sextuple.Macro.Chunks.Chunk2420 (17s)
✔ [9427/11879] Built Zeta23.ThmD.Sextuple.Macro.Chunks.Chunk2404 (5.1s)
✔ [9428/11879] Built Zeta23.ThmD.Sextuple.Macro.Chunks.Chunk2418 (17s)
✔ [9429/11879] Built Zeta23.ThmD.Sextuple.Macro.Chunks.Chunk2403 (4.9s)
✔ [9430/11879] Built Zeta23.ThmD.Sextuple.Macro.Chunks.Chunk2430 (31s)
✔ [9431/11879] Built Zeta23.ThmD.Sextuple.Macro.Chunks.Chunk2423 (24s)
✔ [9432/11879] Built Zeta23.ThmD.Sextuple.Macro.Chunks.Chunk2415 (15s)
✔ [9433/11879] Built Zeta23.ThmD.Sextuple.Macro.Chunks.Chunk2402 (4.4s)
✔ [9434/11879] Built Zeta23.ThmD.Sextuple.Macro.Chunks.Chunk2421 (24s)
✔ [9435/11879] Built Zeta23.ThmD.Sextuple.Macro.Chunks.Chunk2401 (5.5s)
✔ [9436/11879] Built Zeta23.ThmD.Sextuple.Macro.Chunks.Chunk2400 (6.7s)
✔ [9437/11879] Built Zeta23.ThmD.Sextuple.Macro.Chunks.Chunk2398 (6.5s)
✔ [9438/11879] Built Zeta23.ThmD.Sextuple.Macro.Chunks.Chunk2399 (6.6s)
✔ [9439/11879] Built Zeta23.ThmD.Sextuple.Macro.Chunks.Chunk2385 (6.6s)
✔ [9440/11879] Built Zeta23.ThmD.Sextuple.Macro.Chunks.Chunk2409 (9.1s)
✔ [9441/11879] Built Zeta23.ThmD.Sextuple.Macro.Chunks.Chunk2411 (27s)
✔ [9442/11879] Built Zeta23.ThmD.Sextuple.Macro.Chunks.Chunk2410 (23s)
✔ [9443/11879] Built Zeta23.ThmD.Sextuple.Macro.Chunks.Chunk2406 (17s)
✔ [9444/11879] Built Zeta23.ThmD.Sextuple.Macro.Chunks.Chunk2395 (8.8s)
✔ [9445/11879] Built Zeta23.ThmD.Sextuple.Macro.Chunks.Chunk2414 (26s)
✔ [9446/11879] Built Zeta23.ThmD.Sextuple.Macro.Chunks.Chunk2413 (26s)
✔ [9447/11879] Built Zeta23.ThmD.Sextuple.Macro.Chunks.Chunk2393 (4.6s)
✔ [9448/11879] Built Zeta23.ThmD.Sextuple.Macro.Chunks.Chunk2392 (4.7s)
✔ [9449/11879] Built Zeta23.ThmD.Sextuple.Macro.Chunks.Chunk2396 (20s)
✔ [9450/11879] Built Zeta23.ThmD.Sextuple.Macro.Chunks.Chunk2394 (13s)
✔ [9451/11879] Built Zeta23.ThmD.Sextuple.Macro.Chunks.Chunk2391 (5.2s)
✔ [9452/11879] Built Zeta23.ThmD.Sextuple.Macro.Chunks.Chunk2407 (26s)
✔ [9453/11879] Built Zeta23.ThmD.Sextuple.Macro.Chunks.Chunk2389 (4.9s)
✔ [9454/11879] Built Zeta23.ThmD.Sextuple.Macro.Chunks.Chunk2388 (5.1s)
✔ [9455/11879] Built Zeta23.ThmD.Sextuple.Macro.Chunks.Chunk2390 (8.7s)
✔ [9456/11879] Built Zeta23.ThmD.Sextuple.Macro.Chunks.Chunk2387 (5.6s)
✔ [9457/11879] Built Zeta23.ThmD.Sextuple.Macro.Chunks.Chunk2386 (5.8s)
✔ [9458/11879] Built Zeta23.ThmD.Sextuple.Macro.Chunks.Chunk2405 (31s)
✔ [9459/11879] Built Zeta23.ThmD.Sextuple.Macro.Chunks.Chunk2408 (34s)
✔ [9460/11879] Built Zeta23.ThmD.Sextuple.Macro.Chunks.Chunk2397 (34s)
✔ [9461/11879] Built Zeta23.ThmD.Sextuple.Macro.Chunks.Chunk2383 (13s)
✔ [9462/11879] Built Zeta23.ThmD.Sextuple.Macro.Chunks.Chunk2378 (11s)
✔ [9463/11879] Built Zeta23.ThmD.Sextuple.Macro.Chunks.Chunk2384 (18s)
✔ [9464/11879] Built Zeta23.ThmD.Sextuple.Macro.Chunks.Chunk2376 (12s)
✔ [9465/11879] Built Zeta23.ThmD.Sextuple.Macro.Chunks.Chunk2379 (17s)
✔ [9466/11879] Built Zeta23.ThmD.Sextuple.Macro.Chunks.Chunk2380 (21s)
✔ [9467/11879] Built Zeta23.ThmD.Sextuple.Macro.Chunks.Chunk2382 (29s)
✔ [9468/11879] Built Zeta23.ThmD.Sextuple.Macro.Chunks.Chunk2381 (27s)
✔ [9469/11879] Built Zeta23.ThmD.Sextuple.Macro.Chunks.Chunk2372 (12s)
✔ [9470/11879] Built Zeta23.ThmD.Sextuple.Macro.Chunks.Chunk2377 (26s)
✔ [9471/11879] Built Zeta23.ThmD.Sextuple.Macro.Chunks.Chunk2375 (25s)
✔ [9472/11879] Built Zeta23.ThmD.Sextuple.Macro.Chunks.Chunk2373 (18s)
✔ [9473/11879] Built Zeta23.ThmD.Sextuple.Macro.Chunks.Chunk2374 (23s)
✔ [9474/11879] Built Zeta23.ThmD.Sextuple.Macro.Chunks.Chunk2365 (7.2s)
✔ [9475/11879] Built Zeta23.ThmD.Sextuple.Macro.Chunks.Chunk2369 (15s)
✔ [9476/11879] Built Zeta23.ThmD.Sextuple.Macro.Chunks.Chunk2364 (7.2s)
✔ [9477/11879] Built Zeta23.ThmD.Sextuple.Macro.Chunks.Chunk2368 (13s)
✔ [9478/11879] Built Zeta23.ThmD.Sextuple.Macro.Chunks.Chunk2370 (23s)
✔ [9479/11879] Built Zeta23.ThmD.Sextuple.Macro.Chunks.Chunk2371 (28s)
✔ [9480/11879] Built Zeta23.ThmD.Sextuple.Macro.Chunks.Chunk2366 (16s)
✔ [9481/11879] Built Zeta23.ThmD.Sextuple.Macro.Chunks.Chunk2360 (7.7s)
✔ [9482/11879] Built Zeta23.ThmD.Sextuple.Macro.Chunks.Chunk2362 (11s)
✔ [9483/11879] Built Zeta23.ThmD.Sextuple.Macro.Chunks.Chunk2363 (15s)
✔ [9484/11879] Built Zeta23.ThmD.Sextuple.Macro.Chunks.Chunk2359 (10s)
✔ [9485/11879] Built Zeta23.ThmD.Sextuple.Macro.Chunks.Chunk2356 (5.3s)
✔ [9486/11879] Built Zeta23.ThmD.Sextuple.Macro.Chunks.Chunk2355 (7.7s)
✔ [9487/11879] Built Zeta23.ThmD.Sextuple.Macro.Chunks.Chunk2353 (7.7s)
✔ [9488/11879] Built Zeta23.ThmD.Sextuple.Macro.Chunks.Chunk2351 (5.9s)
✔ [9489/11879] Built Zeta23.ThmD.Sextuple.Macro.Chunks.Chunk2357 (13s)
✔ [9490/11879] Built Zeta23.ThmD.Sextuple.Macro.Chunks.Chunk2350 (6.2s)
✔ [9491/11879] Built Zeta23.ThmD.Sextuple.Macro.Chunks.Chunk2349 (4.5s)
✔ [9492/11879] Built Zeta23.ThmD.Sextuple.Macro.Chunks.Chunk2367 (29s)
✔ [9493/11879] Built Zeta23.ThmD.Sextuple.Macro.Chunks.Chunk2347 (5.2s)
✔ [9494/11879] Built Zeta23.ThmD.Sextuple.Macro.Chunks.Chunk2346 (5.8s)
✔ [9495/11879] Built Zeta23.ThmD.Sextuple.Macro.Chunks.Chunk2344 (5.7s)
✔ [9496/11879] Built Zeta23.ThmD.Sextuple.Macro.Chunks.Chunk2361 (27s)
✔ [9497/11879] Built Zeta23.ThmD.Sextuple.Macro.Chunks.Chunk2352 (16s)
✔ [9498/11879] Built Zeta23.ThmD.Sextuple.Macro.Chunks.Chunk2358 (26s)
✔ [9499/11879] Built Zeta23.ThmD.Sextuple.Macro.Chunks.Chunk2337 (4.3s)
✔ [9500/11879] Built Zeta23.ThmD.Sextuple.Macro.Chunks.Chunk2340 (11s)
✔ [9501/11879] Built Zeta23.ThmD.Sextuple.Macro.Chunks.Chunk2336 (4.2s)
✔ [9502/11879] Built Zeta23.ThmD.Sextuple.Macro.Chunks.Chunk2354 (30s)
✔ [9503/11879] Built Zeta23.ThmD.Sextuple.Macro.Chunks.Chunk2342 (17s)
✔ [9504/11879] Built Zeta23.ThmD.Sextuple.Macro.Chunks.Chunk2335 (4.5s)
✔ [9505/11879] Built Zeta23.ThmD.Sextuple.Macro.Chunks.Chunk2334 (4.9s)
✔ [9506/11879] Built Zeta23.ThmD.Sextuple.Macro.Chunks.Chunk2333 (4.7s)
✔ [9507/11879] Built Zeta23.ThmD.Sextuple.Macro.Chunks.Chunk2345 (24s)
✔ [9508/11879] Built Zeta23.ThmD.Sextuple.Macro.Chunks.Chunk2332 (4.4s)
✔ [9509/11879] Built Zeta23.ThmD.Sextuple.Macro.Chunks.Chunk2348 (28s)
✔ [9510/11879] Built Zeta23.ThmD.Sextuple.Macro.Chunks.Chunk2339 (21s)
✔ [9511/11879] Built Zeta23.ThmD.Sextuple.Macro.Chunks.Chunk2330 (5.7s)
✔ [9512/11879] Built Zeta23.ThmD.Sextuple.Macro.Chunks.Chunk2341 (24s)
✔ [9513/11879] Built Zeta23.ThmD.Sextuple.Macro.Chunks.Chunk2338 (24s)
✔ [9514/11879] Built Zeta23.ThmD.Sextuple.Macro.Chunks.Chunk2343 (32s)
✔ [9515/11879] Built Zeta23.ThmD.Sextuple.Macro.Chunks.Chunk2323 (4.7s)
✔ [9516/11879] Built Zeta23.ThmD.Sextuple.Macro.Chunks.Chunk2329 (11s)
✔ [9517/11879] Built Zeta23.ThmD.Sextuple.Macro.Chunks.Chunk2324 (7.1s)
✔ [9518/11879] Built Zeta23.ThmD.Sextuple.Macro.Chunks.Chunk2326 (11s)
✔ [9519/11879] Built Zeta23.ThmD.Sextuple.Macro.Chunks.Chunk2327 (11s)
✔ [9520/11879] Built Zeta23.ThmD.Sextuple.Macro.Chunks.Chunk2328 (15s)
✔ [9521/11879] Built Zeta23.ThmD.Sextuple.Macro.Chunks.Chunk2319 (4.7s)
✔ [9522/11879] Built Zeta23.ThmD.Sextuple.Macro.Chunks.Chunk2322 (8.9s)
✔ [9523/11879] Built Zeta23.ThmD.Sextuple.Macro.Chunks.Chunk2320 (6.5s)
✔ [9524/11879] Built Zeta23.ThmD.Sextuple.Macro.Chunks.Chunk2316 (5.1s)
✔ [9525/11879] Built Zeta23.ThmD.Sextuple.Macro.Chunks.Chunk2317 (7.0s)
✔ [9526/11879] Built Zeta23.ThmD.Sextuple.Macro.Chunks.Chunk2331 (22s)
✔ [9527/11879] Built Zeta23.ThmD.Sextuple.Macro.Chunks.Chunk2314 (5.9s)
✔ [9528/11879] Built Zeta23.ThmD.Sextuple.Macro.Chunks.Chunk2290 (4.9s)
✔ [9529/11879] Built Zeta23.ThmD.Sextuple.Macro.Chunks.Chunk2313 (6.2s)
✔ [9530/11879] Built Zeta23.ThmD.Sextuple.Macro.Chunks.Chunk2288 (4.3s)
✔ [9531/11879] Built Zeta23.ThmD.Sextuple.Macro.Chunks.Chunk2315 (10s)
✔ [9532/11879] Built Zeta23.ThmD.Sextuple.Macro.Chunks.Chunk2287 (5.3s)
✔ [9533/11879] Built Zeta23.ThmD.Sextuple.Macro.Chunks.Chunk2286 (5.2s)
✔ [9534/11879] Built Zeta23.ThmD.Sextuple.Macro.Chunks.Chunk2285 (5.2s)
✔ [9535/11879] Built Zeta23.ThmD.Sextuple.Macro.Chunks.Chunk2325 (23s)
✔ [9536/11879] Built Zeta23.ThmD.Sextuple.Macro.Chunks.Chunk2284 (5.0s)
✔ [9537/11879] Built Zeta23.ThmD.Sextuple.Macro.Chunks.Chunk2281 (5.0s)
✔ [9538/11879] Built Zeta23.ThmD.Sextuple.Macro.Chunks.Chunk2312 (6.0s)
✔ [9539/11879] Built Zeta23.ThmD.Sextuple.Macro.Chunks.Chunk2310 (5.9s)
✔ [9540/11879] Built Zeta23.ThmD.Sextuple.Macro.Chunks.Chunk2309 (5.6s)
✔ [9541/11879] Built Zeta23.ThmD.Sextuple.Macro.Chunks.Chunk2282 (9.0s)
✔ [9542/11879] Built Zeta23.ThmD.Sextuple.Macro.Chunks.Chunk2321 (29s)
✔ [9543/11879] Built Zeta23.ThmD.Sextuple.Macro.Chunks.Chunk2289 (20s)
✔ [9544/11879] Built Zeta23.ThmD.Sextuple.Macro.Chunks.Chunk2318 (29s)
✔ [9545/11879] Built Zeta23.ThmD.Sextuple.Macro.Chunks.Chunk2306 (12s)
✔ [9546/11879] Built Zeta23.ThmD.Sextuple.Macro.Chunks.Chunk2305 (15s)
✔ [9547/11879] Built Zeta23.ThmD.Sextuple.Macro.Chunks.Chunk2302 (11s)
✔ [9548/11879] Built Zeta23.ThmD.Sextuple.Macro.Chunks.Chunk2308 (18s)
✔ [9549/11879] Built Zeta23.ThmD.Sextuple.Macro.Chunks.Chunk2283 (26s)
✔ [9550/11879] Built Zeta23.ThmD.Sextuple.Macro.Chunks.Chunk2304 (17s)
✔ [9551/11879] Built Zeta23.ThmD.Sextuple.Macro.Chunks.Chunk2311 (26s)
✔ [9552/11879] Built Zeta23.ThmD.Sextuple.Macro.Chunks.Chunk2297 (5.4s)
✔ [9553/11879] Built Zeta23.ThmD.Sextuple.Macro.Chunks.Chunk2298 (5.5s)
✔ [9554/11879] Built Zeta23.ThmD.Sextuple.Macro.Chunks.Chunk2301 (18s)
✔ [9555/11879] Built Zeta23.ThmD.Sextuple.Macro.Chunks.Chunk2307 (29s)
✔ [9556/11879] Built Zeta23.ThmD.Sextuple.Macro.Chunks.Chunk2293 (6.1s)
✔ [9557/11879] Built Zeta23.ThmD.Sextuple.Macro.Chunks.Chunk2299 (15s)
✔ [9558/11879] Built Zeta23.ThmD.Sextuple.Macro.Chunks.Chunk2296 (15s)
✔ [9559/11879] Built Zeta23.ThmD.Sextuple.Macro.Chunks.Chunk2303 (30s)
✔ [9560/11879] Built Zeta23.ThmD.Sextuple.Macro.Chunks.Chunk2292 (16s)
✔ [9561/11879] Built Zeta23.ThmD.Sextuple.Macro.Chunks.Chunk2294 (20s)
✔ [9562/11879] Built Zeta23.ThmD.Sextuple.Macro.Chunks.Chunk2291 (16s)
✔ [9563/11879] Built Zeta23.ThmD.Sextuple.Macro.Chunks.Chunk2278 (13s)
✔ [9564/11879] Built Zeta23.ThmD.Sextuple.Macro.Chunks.Chunk2274 (4.5s)
✔ [9565/11879] Built Zeta23.ThmD.Sextuple.Macro.Chunks.Chunk2295 (25s)
✔ [9566/11879] Built Zeta23.ThmD.Sextuple.Macro.Chunks.Chunk2300 (34s)
✔ [9567/11879] Built Zeta23.ThmD.Sextuple.Macro.Chunks.Chunk2273 (4.4s)
✔ [9568/11879] Built Zeta23.ThmD.Sextuple.Macro.Chunks.Chunk2279 (20s)
✔ [9569/11879] Built Zeta23.ThmD.Sextuple.Macro.Chunks.Chunk2270 (6.3s)
✔ [9570/11879] Built Zeta23.ThmD.Sextuple.Macro.Chunks.Chunk2271 (6.4s)
✔ [9571/11879] Built Zeta23.ThmD.Sextuple.Macro.Chunks.Chunk2269 (6.3s)
✔ [9572/11879] Built Zeta23.ThmD.Sextuple.Macro.Chunks.Chunk2276 (18s)
✔ [9573/11879] Built Zeta23.ThmD.Sextuple.Macro.Chunks.Chunk2268 (5.0s)
✔ [9574/11879] Built Zeta23.ThmD.Sextuple.Macro.Chunks.Chunk2275 (13s)
✔ [9575/11879] Built Zeta23.ThmD.Sextuple.Macro.Chunks.Chunk2267 (4.0s)
✔ [9576/11879] Built Zeta23.ThmD.Sextuple.Macro.Chunks.Chunk2272 (11s)
✔ [9577/11879] Built Zeta23.ThmD.Sextuple.Macro.Chunks.Chunk2266 (5.9s)
✔ [9578/11879] Built Zeta23.ThmD.Sextuple.Macro.Chunks.Chunk2280 (30s)
✔ [9579/11879] Built Zeta23.ThmD.Sextuple.Macro.Chunks.Chunk2261 (6.2s)
✔ [9580/11879] Built Zeta23.ThmD.Sextuple.Macro.Chunks.Chunk2262 (6.7s)
✔ [9581/11879] Built Zeta23.ThmD.Sextuple.Macro.Chunks.Chunk2260 (5.7s)
✔ [9582/11879] Built Zeta23.ThmD.Sextuple.Macro.Chunks.Chunk2264 (7.7s)
✔ [9583/11879] Built Zeta23.ThmD.Sextuple.Macro.Chunks.Chunk2258 (4.6s)
✔ [9584/11879] Built Zeta23.ThmD.Sextuple.Macro.Chunks.Chunk2257 (4.0s)
✔ [9585/11879] Built Zeta23.ThmD.Sextuple.Macro.Chunks.Chunk2277 (31s)
✔ [9586/11879] Built Zeta23.ThmD.Sextuple.Macro.Chunks.Chunk2256 (5.8s)
✔ [9587/11879] Built Zeta23.ThmD.Sextuple.Macro.Chunks.Chunk2259 (12s)
✔ [9588/11879] Built Zeta23.ThmD.Sextuple.Macro.Chunks.Chunk2263 (15s)
✔ [9589/11879] Built Zeta23.ThmD.Sextuple.Macro.Chunks.Chunk2251 (4.7s)
✔ [9590/11879] Built Zeta23.ThmD.Sextuple.Macro.Chunks.Chunk2252 (10s)
✔ [9591/11879] Built Zeta23.ThmD.Sextuple.Macro.Chunks.Chunk2253 (11s)
✔ [9592/11879] Built Zeta23.ThmD.Sextuple.Macro.Chunks.Chunk2248 (5.2s)
✔ [9593/11879] Built Zeta23.ThmD.Sextuple.Macro.Chunks.Chunk2246 (5.1s)
✔ [9594/11879] Built Zeta23.ThmD.Sextuple.Macro.Chunks.Chunk2247 (5.3s)
✔ [9595/11879] Built Zeta23.ThmD.Sextuple.Macro.Chunks.Chunk2265 (24s)
✔ [9596/11879] Built Zeta23.ThmD.Sextuple.Macro.Chunks.Chunk2245 (6.1s)
✔ [9597/11879] Built Zeta23.ThmD.Sextuple.Macro.Chunks.Chunk2241 (5.0s)
✔ [9598/11879] Built Zeta23.ThmD.Sextuple.Macro.Chunks.Chunk2242 (5.0s)
✔ [9599/11879] Built Zeta23.ThmD.Sextuple.Macro.Chunks.Chunk2244 (7.4s)
✔ [9600/11879] Built Zeta23.ThmD.Sextuple.Macro.Chunks.Chunk2250 (16s)
✔ [9601/11879] Built Zeta23.ThmD.Sextuple.Macro.Chunks.Chunk2240 (5.0s)
✔ [9602/11879] Built Zeta23.ThmD.Sextuple.Macro.Chunks.Chunk2254 (24s)
✔ [9603/11879] Built Zeta23.ThmD.Sextuple.Macro.Chunks.Chunk2255 (25s)
✔ [9604/11879] Built Zeta23.ThmD.Sextuple.Macro.Chunks.Chunk2249 (21s)
✔ [9605/11879] Built Zeta23.ThmD.Sextuple.Macro.Chunks.Chunk2235 (6.4s)
✔ [9606/11879] Built Zeta23.ThmD.Sextuple.Macro.Chunks.Chunk2234 (5.6s)
✔ [9607/11879] Built Zeta23.ThmD.Sextuple.Macro.Chunks.Chunk2233 (5.6s)
✔ [9608/11879] Built Zeta23.ThmD.Sextuple.Macro.Chunks.Chunk2231 (5.5s)
✔ [9609/11879] Built Zeta23.ThmD.Sextuple.Macro.Chunks.Chunk2232 (6.9s)
✔ [9610/11879] Built Zeta23.ThmD.Sextuple.Macro.Chunks.Chunk2229 (4.9s)
✔ [9611/11879] Built Zeta23.ThmD.Sextuple.Macro.Chunks.Chunk2228 (4.2s)
✔ [9612/11879] Built Zeta23.ThmD.Sextuple.Macro.Chunks.Chunk2236 (15s)
✔ [9613/11879] Built Zeta23.ThmD.Sextuple.Macro.Chunks.Chunk2225 (5.2s)
✔ [9614/11879] Built Zeta23.ThmD.Sextuple.Macro.Chunks.Chunk2237 (18s)
✔ [9615/11879] Built Zeta23.ThmD.Sextuple.Macro.Chunks.Chunk2226 (7.1s)
✔ [9616/11879] Built Zeta23.ThmD.Sextuple.Macro.Chunks.Chunk2224 (4.9s)
✔ [9617/11879] Built Zeta23.ThmD.Sextuple.Macro.Chunks.Chunk2227 (7.3s)
✔ [9618/11879] Built Zeta23.ThmD.Sextuple.Macro.Chunks.Chunk2243 (26s)
✔ [9619/11879] Built Zeta23.ThmD.Sextuple.Macro.Chunks.Chunk2239 (24s)
✔ [9620/11879] Built Zeta23.ThmD.Sextuple.Macro.Chunks.Chunk2230 (17s)
✔ [9621/11879] Built Zeta23.ThmD.Sextuple.Macro.Chunks.Chunk2219 (6.3s)
✔ [9622/11879] Built Zeta23.ThmD.Sextuple.Macro.Chunks.Chunk2220 (6.4s)
✔ [9623/11879] Built Zeta23.ThmD.Sextuple.Macro.Chunks.Chunk2223 (11s)
✔ [9624/11879] Built Zeta23.ThmD.Sextuple.Macro.Chunks.Chunk2238 (30s)
✔ [9625/11879] Built Zeta23.ThmD.Sextuple.Macro.Chunks.Chunk2215 (5.7s)
✔ [9626/11879] Built Zeta23.ThmD.Sextuple.Macro.Chunks.Chunk2214 (5.3s)
✔ [9627/11879] Built Zeta23.ThmD.Sextuple.Macro.Chunks.Chunk2218 (12s)
✔ [9628/11879] Built Zeta23.ThmD.Sextuple.Macro.Chunks.Chunk2200 (4.6s)
✔ [9629/11879] Built Zeta23.ThmD.Sextuple.Macro.Chunks.Chunk2199 (5.1s)
✔ [9630/11879] Built Zeta23.ThmD.Sextuple.Macro.Chunks.Chunk2198 (5.1s)
✔ [9631/11879] Built Zeta23.ThmD.Sextuple.Macro.Chunks.Chunk2197 (4.7s)
✔ [9632/11879] Built Zeta23.ThmD.Sextuple.Macro.Chunks.Chunk2216 (13s)
✔ [9633/11879] Built Zeta23.ThmD.Sextuple.Macro.Chunks.Chunk2196 (4.2s)
✔ [9634/11879] Built Zeta23.ThmD.Sextuple.Macro.Chunks.Chunk2221 (20s)
✔ [9635/11879] Built Zeta23.ThmD.Sextuple.Macro.Chunks.Chunk2195 (5.1s)
✔ [9636/11879] Built Zeta23.ThmD.Sextuple.Macro.Chunks.Chunk2184 (5.3s)
✔ [9637/11879] Built Zeta23.ThmD.Sextuple.Macro.Chunks.Chunk2183 (5.4s)
✔ [9638/11879] Built Zeta23.ThmD.Sextuple.Macro.Chunks.Chunk2212 (5.2s)
✔ [9639/11879] Built Zeta23.ThmD.Sextuple.Macro.Chunks.Chunk2207 (18s)
✔ [9640/11879] Built Zeta23.ThmD.Sextuple.Macro.Chunks.Chunk2211 (4.9s)
✔ [9641/11879] Built Zeta23.ThmD.Sextuple.Macro.Chunks.Chunk2208 (4.9s)
✔ [9642/11879] Built Zeta23.ThmD.Sextuple.Macro.Chunks.Chunk2206 (20s)
✔ [9643/11879] Built Zeta23.ThmD.Sextuple.Macro.Chunks.Chunk2217 (31s)
✔ [9644/11879] Built Zeta23.ThmD.Sextuple.Macro.Chunks.Chunk2205 (7.5s)
✔ [9645/11879] Built Zeta23.ThmD.Sextuple.Macro.Chunks.Chunk2213 (14s)
✔ [9646/11879] Built Zeta23.ThmD.Sextuple.Macro.Chunks.Chunk2210 (11s)
✔ [9647/11879] Built Zeta23.ThmD.Sextuple.Macro.Chunks.Chunk2222 (36s)
✔ [9648/11879] Built Zeta23.ThmD.Sextuple.Macro.Chunks.Chunk2191 (5.1s)
✔ [9649/11879] Built Zeta23.ThmD.Sextuple.Macro.Chunks.Chunk2190 (4.1s)
✔ [9650/11879] Built Zeta23.ThmD.Sextuple.Macro.Chunks.Chunk2203 (15s)
✔ [9651/11879] Built Zeta23.ThmD.Sextuple.Macro.Chunks.Chunk2188 (4.6s)
✔ [9652/11879] Built Zeta23.ThmD.Sextuple.Macro.Chunks.Chunk2187 (4.5s)
✔ [9653/11879] Built Zeta23.ThmD.Sextuple.Macro.Chunks.Chunk2189 (6.8s)
✔ [9654/11879] Built Zeta23.ThmD.Sextuple.Macro.Chunks.Chunk2192 (14s)
✔ [9655/11879] Built Zeta23.ThmD.Sextuple.Macro.Chunks.Chunk2202 (19s)
✔ [9656/11879] Built Zeta23.ThmD.Sextuple.Macro.Chunks.Chunk2186 (4.8s)
✔ [9657/11879] Built Zeta23.ThmD.Sextuple.Macro.Chunks.Chunk2185 (5.1s)
✔ [9658/11879] Built Zeta23.ThmD.Sextuple.Macro.Chunks.Chunk2204 (25s)
✔ [9659/11879] Built Zeta23.ThmD.Sextuple.Macro.Chunks.Chunk2209 (28s)
✔ [9660/11879] Built Zeta23.ThmD.Sextuple.Macro.Chunks.Chunk2193 (19s)
✔ [9661/11879] Built Zeta23.ThmD.Sextuple.Macro.Chunks.Chunk2201 (25s)
✔ [9662/11879] Built Zeta23.ThmD.Sextuple.Macro.Chunks.Chunk2182 (11s)
✔ [9663/11879] Built Zeta23.ThmD.Sextuple.Macro.Chunks.Chunk2194 (30s)
✔ [9664/11879] Built Zeta23.ThmD.Sextuple.Macro.Chunks.Chunk2178 (13s)
✔ [9665/11879] Built Zeta23.ThmD.Sextuple.Macro.Chunks.Chunk2179 (14s)
✔ [9666/11879] Built Zeta23.ThmD.Sextuple.Macro.Chunks.Chunk2174 (10s)
✔ [9667/11879] Built Zeta23.ThmD.Sextuple.Macro.Chunks.Chunk2180 (20s)
✔ [9668/11879] Built Zeta23.ThmD.Sextuple.Macro.Chunks.Chunk2172 (5.0s)
✔ [9669/11879] Built Zeta23.ThmD.Sextuple.Macro.Chunks.Chunk2175 (15s)
✔ [9670/11879] Built Zeta23.ThmD.Sextuple.Macro.Chunks.Chunk2171 (6.4s)
✔ [9671/11879] Built Zeta23.ThmD.Sextuple.Macro.Chunks.Chunk2181 (23s)
✔ [9672/11879] Built Zeta23.ThmD.Sextuple.Macro.Chunks.Chunk2176 (18s)
✔ [9673/11879] Built Zeta23.ThmD.Sextuple.Macro.Chunks.Chunk2170 (6.9s)
✔ [9674/11879] Built Zeta23.ThmD.Sextuple.Macro.Chunks.Chunk2164 (5.6s)
✔ [9675/11879] Built Zeta23.ThmD.Sextuple.Macro.Chunks.Chunk2165 (6.6s)
✔ [9676/11879] Built Zeta23.ThmD.Sextuple.Macro.Chunks.Chunk2177 (25s)
✔ [9677/11879] Built Zeta23.ThmD.Sextuple.Macro.Chunks.Chunk2168 (9.9s)
✔ [9678/11879] Built Zeta23.ThmD.Sextuple.Macro.Chunks.Chunk2163 (7.3s)
✔ [9679/11879] Built Zeta23.ThmD.Sextuple.Macro.Chunks.Chunk2169 (14s)
✔ [9680/11879] Built Zeta23.ThmD.Sextuple.Macro.Chunks.Chunk2166 (12s)
✔ [9681/11879] Built Zeta23.ThmD.Sextuple.Macro.Chunks.Chunk2162 (11s)
✔ [9682/11879] Built Zeta23.ThmD.Sextuple.Macro.Chunks.Chunk2157 (6.9s)
✔ [9683/11879] Built Zeta23.ThmD.Sextuple.Macro.Chunks.Chunk2159 (7.6s)
✔ [9684/11879] Built Zeta23.ThmD.Sextuple.Macro.Chunks.Chunk2155 (4.0s)
✔ [9685/11879] Built Zeta23.ThmD.Sextuple.Macro.Chunks.Chunk2156 (5.7s)
✔ [9686/11879] Built Zeta23.ThmD.Sextuple.Macro.Chunks.Chunk2173 (27s)
✔ [9687/11879] Built Zeta23.ThmD.Sextuple.Macro.Chunks.Chunk2154 (4.5s)
✔ [9688/11879] Built Zeta23.ThmD.Sextuple.Macro.Chunks.Chunk2158 (9.0s)
✔ [9689/11879] Built Zeta23.ThmD.Sextuple.Macro.Chunks.Chunk2167 (21s)
✔ [9690/11879] Built Zeta23.ThmD.Sextuple.Macro.Chunks.Chunk2147 (5.2s)
✔ [9691/11879] Built Zeta23.ThmD.Sextuple.Macro.Chunks.Chunk2146 (4.2s)
✔ [9692/11879] Built Zeta23.ThmD.Sextuple.Macro.Chunks.Chunk2145 (4.8s)
✔ [9693/11879] Built Zeta23.ThmD.Sextuple.Macro.Chunks.Chunk2144 (4.9s)
✔ [9694/11879] Built Zeta23.ThmD.Sextuple.Macro.Chunks.Chunk2153 (15s)
✔ [9695/11879] Built Zeta23.ThmD.Sextuple.Macro.Chunks.Chunk2148 (13s)
✔ [9696/11879] Built Zeta23.ThmD.Sextuple.Macro.Chunks.Chunk2150 (16s)
✔ [9697/11879] Built Zeta23.ThmD.Sextuple.Macro.Chunks.Chunk2143 (4.4s)
✔ [9698/11879] Built Zeta23.ThmD.Sextuple.Macro.Chunks.Chunk2161 (28s)
✔ [9699/11879] Built Zeta23.ThmD.Sextuple.Macro.Chunks.Chunk2140 (4.9s)
✔ [9700/11879] Built Zeta23.ThmD.Sextuple.Macro.Chunks.Chunk2141 (5.1s)
✔ [9701/11879] Built Zeta23.ThmD.Sextuple.Macro.Chunks.Chunk2149 (20s)
✔ [9702/11879] Built Zeta23.ThmD.Sextuple.Macro.Chunks.Chunk2160 (29s)
✔ [9703/11879] Built Zeta23.ThmD.Sextuple.Macro.Chunks.Chunk2151 (24s)
✔ [9704/11879] Built Zeta23.ThmD.Sextuple.Macro.Chunks.Chunk2139 (10s)
✔ [9705/11879] Built Zeta23.ThmD.Sextuple.Macro.Chunks.Chunk2134 (6.6s)
✔ [9706/11879] Built Zeta23.ThmD.Sextuple.Macro.Chunks.Chunk2133 (6.6s)
✔ [9707/11879] Built Zeta23.ThmD.Sextuple.Macro.Chunks.Chunk2152 (28s)
✔ [9708/11879] Built Zeta23.ThmD.Sextuple.Macro.Chunks.Chunk2137 (9.1s)
✔ [9709/11879] Built Zeta23.ThmD.Sextuple.Macro.Chunks.Chunk2132 (4.3s)
✔ [9710/11879] Built Zeta23.ThmD.Sextuple.Macro.Chunks.Chunk2138 (13s)
✔ [9711/11879] Built Zeta23.ThmD.Sextuple.Macro.Chunks.Chunk2135 (14s)
✔ [9712/11879] Built Zeta23.ThmD.Sextuple.Macro.Chunks.Chunk2142 (20s)
✔ [9713/11879] Built Zeta23.ThmD.Sextuple.Macro.Chunks.Chunk2127 (7.3s)
✔ [9714/11879] Built Zeta23.ThmD.Sextuple.Macro.Chunks.Chunk2131 (9.7s)
✔ [9715/11879] Built Zeta23.ThmD.Sextuple.Macro.Chunks.Chunk2124 (5.4s)
✔ [9716/11879] Built Zeta23.ThmD.Sextuple.Macro.Chunks.Chunk2128 (12s)
✔ [9717/11879] Built Zeta23.ThmD.Sextuple.Macro.Chunks.Chunk2122 (5.2s)
✔ [9718/11879] Built Zeta23.ThmD.Sextuple.Macro.Chunks.Chunk2121 (4.8s)
✔ [9719/11879] Built Zeta23.ThmD.Sextuple.Macro.Chunks.Chunk2136 (21s)
✔ [9720/11879] Built Zeta23.ThmD.Sextuple.Macro.Chunks.Chunk2120 (4.5s)
✔ [9721/11879] Built Zeta23.ThmD.Sextuple.Macro.Chunks.Chunk2123 (11s)
✔ [9722/11879] Built Zeta23.ThmD.Sextuple.Macro.Chunks.Chunk2117 (5.3s)
✔ [9723/11879] Built Zeta23.ThmD.Sextuple.Macro.Chunks.Chunk2119 (5.6s)
✔ [9724/11879] Built Zeta23.ThmD.Sextuple.Macro.Chunks.Chunk2125 (17s)
✔ [9725/11879] Built Zeta23.ThmD.Sextuple.Macro.Chunks.Chunk2115 (4.1s)
✔ [9726/11879] Built Zeta23.ThmD.Sextuple.Macro.Chunks.Chunk2116 (8.9s)
✔ [9727/11879] Built Zeta23.ThmD.Sextuple.Macro.Chunks.Chunk2130 (23s)
✔ [9728/11879] Built Zeta23.ThmD.Sextuple.Macro.Chunks.Chunk2126 (24s)
✔ [9729/11879] Built Zeta23.ThmD.Sextuple.Macro.Chunks.Chunk2129 (26s)
✔ [9730/11879] Built Zeta23.ThmD.Sextuple.Macro.Chunks.Chunk2110 (5.5s)
✔ [9731/11879] Built Zeta23.ThmD.Sextuple.Macro.Chunks.Chunk2099 (4.5s)
✔ [9732/11879] Built Zeta23.ThmD.Sextuple.Macro.Chunks.Chunk2114 (9.3s)
✔ [9733/11879] Built Zeta23.ThmD.Sextuple.Macro.Chunks.Chunk2098 (4.4s)
✔ [9734/11879] Built Zeta23.ThmD.Sextuple.Macro.Chunks.Chunk2111 (10s)
✔ [9735/11879] Built Zeta23.ThmD.Sextuple.Macro.Chunks.Chunk2118 (18s)
✔ [9736/11879] Built Zeta23.ThmD.Sextuple.Macro.Chunks.Chunk2097 (5.8s)
✔ [9737/11879] Built Zeta23.ThmD.Sextuple.Macro.Chunks.Chunk2094 (5.8s)
✔ [9738/11879] Built Zeta23.ThmD.Sextuple.Macro.Chunks.Chunk2109 (5.4s)
✔ [9739/11879] Built Zeta23.ThmD.Sextuple.Macro.Chunks.Chunk2093 (5.5s)
✔ [9740/11879] Built Zeta23.ThmD.Sextuple.Macro.Chunks.Chunk2095 (8.3s)
✔ [9741/11879] Built Zeta23.ThmD.Sextuple.Macro.Chunks.Chunk2108 (4.6s)
✔ [9742/11879] Built Zeta23.ThmD.Sextuple.Macro.Chunks.Chunk2107 (5.6s)
✔ [9743/11879] Built Zeta23.ThmD.Sextuple.Macro.Chunks.Chunk2103 (5.8s)
✔ [9744/11879] Built Zeta23.ThmD.Sextuple.Macro.Chunks.Chunk2100 (4.3s)
✔ [9745/11879] Built Zeta23.ThmD.Sextuple.Macro.Chunks.Chunk2112 (23s)
✔ [9746/11879] Built Zeta23.ThmD.Sextuple.Macro.Chunks.Chunk2113 (24s)
✔ [9747/11879] Built Zeta23.ThmD.Sextuple.Macro.Chunks.Chunk2104 (10s)
✔ [9748/11879] Built Zeta23.ThmD.Sextuple.Macro.Chunks.Chunk2088 (4.5s)
✔ [9749/11879] Built Zeta23.ThmD.Sextuple.Macro.Chunks.Chunk2096 (23s)
✔ [9750/11879] Built Zeta23.ThmD.Sextuple.Macro.Chunks.Chunk2105 (16s)
✔ [9751/11879] Built Zeta23.ThmD.Sextuple.Macro.Chunks.Chunk2102 (16s)
✔ [9752/11879] Built Zeta23.ThmD.Sextuple.Macro.Chunks.Chunk2101 (17s)
✔ [9753/11879] Built Zeta23.ThmD.Sextuple.Macro.Chunks.Chunk2087 (4.7s)
✔ [9754/11879] Built Zeta23.ThmD.Sextuple.Macro.Chunks.Chunk2089 (9.0s)
✔ [9755/11879] Built Zeta23.ThmD.Sextuple.Macro.Chunks.Chunk2091 (11s)
✔ [9756/11879] Built Zeta23.ThmD.Sextuple.Macro.Chunks.Chunk2086 (5.1s)
✔ [9757/11879] Built Zeta23.ThmD.Sextuple.Macro.Chunks.Chunk2085 (5.2s)
✔ [9758/11879] Built Zeta23.ThmD.Sextuple.Macro.Chunks.Chunk2084 (4.8s)
✔ [9759/11879] Built Zeta23.ThmD.Sextuple.Macro.Chunks.Chunk2092 (17s)
✔ [9760/11879] Built Zeta23.ThmD.Sextuple.Macro.Chunks.Chunk2083 (5.4s)
✔ [9761/11879] Built Zeta23.ThmD.Sextuple.Macro.Chunks.Chunk2106 (26s)
✔ [9762/11879] Built Zeta23.ThmD.Sextuple.Macro.Chunks.Chunk2082 (6.4s)
✔ [9763/11879] Built Zeta23.ThmD.Sextuple.Macro.Chunks.Chunk2081 (7.3s)
✔ [9764/11879] Built Zeta23.ThmD.Sextuple.Macro.Chunks.Chunk2077 (6.1s)
✔ [9765/11879] Built Zeta23.ThmD.Sextuple.Macro.Chunks.Chunk2076 (5.9s)
✔ [9766/11879] Built Zeta23.ThmD.Sextuple.Macro.Chunks.Chunk2075 (5.8s)
✔ [9767/11879] Built Zeta23.ThmD.Sextuple.Macro.Chunks.Chunk2080 (11s)
✔ [9768/11879] Built Zeta23.ThmD.Sextuple.Macro.Chunks.Chunk2074 (7.0s)
✔ [9769/11879] Built Zeta23.ThmD.Sextuple.Macro.Chunks.Chunk2072 (5.2s)
✔ [9770/11879] Built Zeta23.ThmD.Sextuple.Macro.Chunks.Chunk2071 (5.1s)
✔ [9771/11879] Built Zeta23.ThmD.Sextuple.Macro.Chunks.Chunk2070 (4.9s)
✔ [9772/11879] Built Zeta23.ThmD.Sextuple.Macro.Chunks.Chunk2090 (26s)
✔ [9773/11879] Built Zeta23.ThmD.Sextuple.Macro.Chunks.Chunk2069 (7.4s)
✔ [9774/11879] Built Zeta23.ThmD.Sextuple.Macro.Chunks.Chunk2078 (17s)
✔ [9775/11879] Built Zeta23.ThmD.Sextuple.Macro.Chunks.Chunk2073 (16s)
✔ [9776/11879] Built Zeta23.ThmD.Sextuple.Macro.Chunks.Chunk2061 (4.3s)
✔ [9777/11879] Built Zeta23.ThmD.Sextuple.Macro.Chunks.Chunk2060 (4.8s)
✔ [9778/11879] Built Zeta23.ThmD.Sextuple.Macro.Chunks.Chunk2059 (4.6s)
✔ [9779/11879] Built Zeta23.ThmD.Sextuple.Macro.Chunks.Chunk2079 (30s)
✔ [9780/11879] Built Zeta23.ThmD.Sextuple.Macro.Chunks.Chunk2063 (16s)
✔ [9781/11879] Built Zeta23.ThmD.Sextuple.Macro.Chunks.Chunk2057 (4.8s)
✔ [9782/11879] Built Zeta23.ThmD.Sextuple.Macro.Chunks.Chunk2058 (4.9s)
✔ [9783/11879] Built Zeta23.ThmD.Sextuple.Macro.Chunks.Chunk2065 (20s)
✔ [9784/11879] Built Zeta23.ThmD.Sextuple.Macro.Chunks.Chunk2062 (16s)
✔ [9785/11879] Built Zeta23.ThmD.Sextuple.Macro.Chunks.Chunk2053 (5.7s)
✔ [9786/11879] Built Zeta23.ThmD.Sextuple.Macro.Chunks.Chunk2054 (5.7s)
✔ [9787/11879] Built Zeta23.ThmD.Sextuple.Macro.Chunks.Chunk2068 (27s)
✔ [9788/11879] Built Zeta23.ThmD.Sextuple.Macro.Chunks.Chunk2051 (5.1s)
✔ [9789/11879] Built Zeta23.ThmD.Sextuple.Macro.Chunks.Chunk2052 (5.4s)
✔ [9790/11879] Built Zeta23.ThmD.Sextuple.Macro.Chunks.Chunk2066 (29s)
✔ [9791/11879] Built Zeta23.ThmD.Sextuple.Macro.Chunks.Chunk2067 (29s)
✔ [9792/11879] Built Zeta23.ThmD.Sextuple.Macro.Chunks.Chunk2055 (9.3s)
✔ [9793/11879] Built Zeta23.ThmD.Sextuple.Macro.Chunks.Chunk2049 (6.1s)
✔ [9794/11879] Built Zeta23.ThmD.Sextuple.Macro.Chunks.Chunk2050 (6.1s)
✔ [9795/11879] Built Zeta23.ThmD.Sextuple.Macro.Chunks.Chunk2048 (5.0s)
✔ [9796/11879] Built Zeta23.ThmD.Sextuple.Macro.Chunks.Chunk2064 (31s)
✔ [9797/11879] Built Zeta23.ThmD.Sextuple.Macro.Chunks.Chunk2043 (5.6s)
✔ [9798/11879] Built Zeta23.ThmD.Sextuple.Macro.Chunks.Chunk2042 (5.9s)
✔ [9799/11879] Built Zeta23.ThmD.Sextuple.Macro.Chunks.Chunk2041 (7.1s)
✔ [9800/11879] Built Zeta23.ThmD.Sextuple.Macro.Chunks.Chunk2040 (7.3s)
✔ [9801/11879] Built Zeta23.ThmD.Sextuple.Macro.Chunks.Chunk2046 (14s)
✔ [9802/11879] Built Zeta23.ThmD.Sextuple.Macro.Chunks.Chunk2045 (13s)
✔ [9803/11879] Built Zeta23.ThmD.Sextuple.Macro.Chunks.Chunk2039 (11s)
✔ [9804/11879] Built Zeta23.ThmD.Sextuple.Macro.Chunks.Chunk2047 (18s)
✔ [9805/11879] Built Zeta23.ThmD.Sextuple.Macro.Chunks.Chunk2036 (6.5s)
✔ [9806/11879] Built Zeta23.ThmD.Sextuple.Macro.Chunks.Chunk2038 (10s)
✔ [9807/11879] Built Zeta23.ThmD.Sextuple.Macro.Chunks.Chunk2056 (27s)
✔ [9808/11879] Built Zeta23.ThmD.Sextuple.Macro.Chunks.Chunk2033 (5.9s)
✔ [9809/11879] Built Zeta23.ThmD.Sextuple.Macro.Chunks.Chunk2035 (10s)
✔ [9810/11879] Built Zeta23.ThmD.Sextuple.Macro.Chunks.Chunk2029 (5.8s)
✔ [9811/11879] Built Zeta23.ThmD.Sextuple.Macro.Chunks.Chunk2030 (7.1s)
✔ [9812/11879] Built Zeta23.ThmD.Sextuple.Macro.Chunks.Chunk2031 (9.4s)
✔ [9813/11879] Built Zeta23.ThmD.Sextuple.Macro.Chunks.Chunk2044 (29s)
✔ [9814/11879] Built Zeta23.ThmD.Sextuple.Macro.Chunks.Chunk2023 (4.1s)
✔ [9815/11879] Built Zeta23.ThmD.Sextuple.Macro.Chunks.Chunk2025 (10s)
✔ [9816/11879] Built Zeta23.ThmD.Sextuple.Macro.Chunks.Chunk2022 (4.4s)
✔ [9817/11879] Built Zeta23.ThmD.Sextuple.Macro.Chunks.Chunk2021 (4.3s)
✔ [9818/11879] Built Zeta23.ThmD.Sextuple.Macro.Chunks.Chunk2026 (13s)
✔ [9819/11879] Built Zeta23.ThmD.Sextuple.Macro.Chunks.Chunk2037 (25s)
✔ [9820/11879] Built Zeta23.ThmD.Sextuple.Macro.Chunks.Chunk2027 (17s)
✔ [9821/11879] Built Zeta23.ThmD.Sextuple.Macro.Chunks.Chunk2020 (4.5s)
✔ [9822/11879] Built Zeta23.ThmD.Sextuple.Macro.Chunks.Chunk2034 (27s)
✔ [9823/11879] Built Zeta23.ThmD.Sextuple.Macro.Chunks.Chunk2017 (5.5s)
✔ [9824/11879] Built Zeta23.ThmD.Sextuple.Macro.Chunks.Chunk2018 (5.6s)
✔ [9825/11879] Built Zeta23.ThmD.Sextuple.Macro.Chunks.Chunk2016 (5.4s)
✔ [9826/11879] Built Zeta23.ThmD.Sextuple.Macro.Chunks.Chunk2024 (16s)
✔ [9827/11879] Built Zeta23.ThmD.Sextuple.Macro.Chunks.Chunk2032 (24s)
✔ [9828/11879] Built Zeta23.ThmD.Sextuple.Macro.Chunks.Chunk2015 (9.3s)
✔ [9829/11879] Built Zeta23.ThmD.Sextuple.Macro.Chunks.Chunk2010 (6.1s)
✔ [9830/11879] Built Zeta23.ThmD.Sextuple.Macro.Chunks.Chunk2014 (9.6s)
✔ [9831/11879] Built Zeta23.ThmD.Sextuple.Macro.Chunks.Chunk2011 (7.4s)
✔ [9832/11879] Built Zeta23.ThmD.Sextuple.Macro.Chunks.Chunk2028 (30s)
✔ [9833/11879] Built Zeta23.ThmD.Sextuple.Macro.Chunks.Chunk2013 (11s)
✔ [9834/11879] Built Zeta23.ThmD.Sextuple.Macro.Chunks.Chunk2009 (10s)
✔ [9835/11879] Built Zeta23.ThmD.Sextuple.Macro.Chunks.Chunk1992 (5.4s)
✔ [9836/11879] Built Zeta23.ThmD.Sextuple.Macro.Chunks.Chunk2019 (18s)
✔ [9837/11879] Built Zeta23.ThmD.Sextuple.Macro.Chunks.Chunk1991 (5.5s)
✔ [9838/11879] Built Zeta23.ThmD.Sextuple.Macro.Chunks.Chunk1989 (5.5s)
✔ [9839/11879] Built Zeta23.ThmD.Sextuple.Macro.Chunks.Chunk1990 (8.3s)
✔ [9840/11879] Built Zeta23.ThmD.Sextuple.Macro.Chunks.Chunk2004 (5.9s)
✔ [9841/11879] Built Zeta23.ThmD.Sextuple.Macro.Chunks.Chunk2005 (6.3s)
✔ [9842/11879] Built Zeta23.ThmD.Sextuple.Macro.Chunks.Chunk2003 (5.0s)
✔ [9843/11879] Built Zeta23.ThmD.Sextuple.Macro.Chunks.Chunk2006 (9.6s)
✔ [9844/11879] Built Zeta23.ThmD.Sextuple.Macro.Chunks.Chunk1998 (4.0s)
✔ [9845/11879] Built Zeta23.ThmD.Sextuple.Macro.Chunks.Chunk1996 (4.1s)
✔ [9846/11879] Built Zeta23.ThmD.Sextuple.Macro.Chunks.Chunk2000 (9.2s)
✔ [9847/11879] Built Zeta23.ThmD.Sextuple.Macro.Chunks.Chunk2008 (25s)
✔ [9848/11879] Built Zeta23.ThmD.Sextuple.Macro.Chunks.Chunk1995 (4.1s)
✔ [9849/11879] Built Zeta23.ThmD.Sextuple.Macro.Chunks.Chunk2007 (22s)
✔ [9850/11879] Built Zeta23.ThmD.Sextuple.Macro.Chunks.Chunk2001 (16s)
✔ [9851/11879] Built Zeta23.ThmD.Sextuple.Macro.Chunks.Chunk1994 (4.6s)
✔ [9852/11879] Built Zeta23.ThmD.Sextuple.Macro.Chunks.Chunk2012 (29s)
✔ [9853/11879] Built Zeta23.ThmD.Sextuple.Macro.Chunks.Chunk1999 (14s)
✔ [9854/11879] Built Zeta23.ThmD.Sextuple.Macro.Chunks.Chunk1997 (16s)
✔ [9855/11879] Built Zeta23.ThmD.Sextuple.Macro.Chunks.Chunk1988 (8.8s)
✔ [9856/11879] Built Zeta23.ThmD.Sextuple.Macro.Chunks.Chunk1984 (6.6s)
✔ [9857/11879] Built Zeta23.ThmD.Sextuple.Macro.Chunks.Chunk2002 (26s)
✔ [9858/11879] Built Zeta23.ThmD.Sextuple.Macro.Chunks.Chunk1985 (10s)
✔ [9859/11879] Built Zeta23.ThmD.Sextuple.Macro.Chunks.Chunk1980 (5.0s)
✔ [9860/11879] Built Zeta23.ThmD.Sextuple.Macro.Chunks.Chunk1979 (4.8s)
✔ [9861/11879] Built Zeta23.ThmD.Sextuple.Macro.Chunks.Chunk1978 (4.2s)
✔ [9862/11879] Built Zeta23.ThmD.Sextuple.Macro.Chunks.Chunk1993 (18s)
✔ [9863/11879] Built Zeta23.ThmD.Sextuple.Macro.Chunks.Chunk1976 (5.0s)
✔ [9864/11879] Built Zeta23.ThmD.Sextuple.Macro.Chunks.Chunk1981 (10s)
✔ [9865/11879] Built Zeta23.ThmD.Sextuple.Macro.Chunks.Chunk1982 (14s)
✔ [9866/11879] Built Zeta23.ThmD.Sextuple.Macro.Chunks.Chunk1986 (18s)
✔ [9867/11879] Built Zeta23.ThmD.Sextuple.Macro.Chunks.Chunk1975 (7.0s)
✔ [9868/11879] Built Zeta23.ThmD.Sextuple.Macro.Chunks.Chunk1974 (4.6s)
✔ [9869/11879] Built Zeta23.ThmD.Sextuple.Macro.Chunks.Chunk1973 (4.5s)
✔ [9870/11879] Built Zeta23.ThmD.Sextuple.Macro.Chunks.Chunk1987 (23s)
✔ [9871/11879] Built Zeta23.ThmD.Sextuple.Macro.Chunks.Chunk1970 (6.2s)
✔ [9872/11879] Built Zeta23.ThmD.Sextuple.Macro.Chunks.Chunk1983 (23s)
✔ [9873/11879] Built Zeta23.ThmD.Sextuple.Macro.Chunks.Chunk1967 (5.8s)
✔ [9874/11879] Built Zeta23.ThmD.Sextuple.Macro.Chunks.Chunk1966 (5.7s)
✔ [9875/11879] Built Zeta23.ThmD.Sextuple.Macro.Chunks.Chunk1965 (4.6s)
✔ [9876/11879] Built Zeta23.ThmD.Sextuple.Macro.Chunks.Chunk1977 (15s)
✔ [9877/11879] Built Zeta23.ThmD.Sextuple.Macro.Chunks.Chunk1971 (10s)
✔ [9878/11879] Built Zeta23.ThmD.Sextuple.Macro.Chunks.Chunk1961 (5.5s)
✔ [9879/11879] Built Zeta23.ThmD.Sextuple.Macro.Chunks.Chunk1962 (5.7s)
✔ [9880/11879] Built Zeta23.ThmD.Sextuple.Macro.Chunks.Chunk1960 (5.6s)
✔ [9881/11879] Built Zeta23.ThmD.Sextuple.Macro.Chunks.Chunk1963 (7.3s)
✔ [9882/11879] Built Zeta23.ThmD.Sextuple.Macro.Chunks.Chunk1972 (17s)
✔ [9883/11879] Built Zeta23.ThmD.Sextuple.Macro.Chunks.Chunk1968 (15s)
✔ [9884/11879] Built Zeta23.ThmD.Sextuple.Macro.Chunks.Chunk1956 (5.6s)
✔ [9885/11879] Built Zeta23.ThmD.Sextuple.Macro.Chunks.Chunk1957 (5.6s)
✔ [9886/11879] Built Zeta23.ThmD.Sextuple.Macro.Chunks.Chunk1964 (13s)
✔ [9887/11879] Built Zeta23.ThmD.Sextuple.Macro.Chunks.Chunk1954 (5.6s)
✔ [9888/11879] Built Zeta23.ThmD.Sextuple.Macro.Chunks.Chunk1955 (5.6s)
✔ [9889/11879] Built Zeta23.ThmD.Sextuple.Macro.Chunks.Chunk1959 (11s)
✔ [9890/11879] Built Zeta23.ThmD.Sextuple.Macro.Chunks.Chunk1953 (4.9s)
✔ [9891/11879] Built Zeta23.ThmD.Sextuple.Macro.Chunks.Chunk1952 (6.7s)
✔ [9892/11879] Built Zeta23.ThmD.Sextuple.Macro.Chunks.Chunk1944 (4.2s)
✔ [9893/11879] Built Zeta23.ThmD.Sextuple.Macro.Chunks.Chunk1969 (27s)
✔ [9894/11879] Built Zeta23.ThmD.Sextuple.Macro.Chunks.Chunk1942 (4.9s)
✔ [9895/11879] Built Zeta23.ThmD.Sextuple.Macro.Chunks.Chunk1943 (4.0s)
✔ [9896/11879] Built Zeta23.ThmD.Sextuple.Macro.Chunks.Chunk1946 (14s)
✔ [9897/11879] Built Zeta23.ThmD.Sextuple.Macro.Chunks.Chunk1945 (16s)
✔ [9898/11879] Built Zeta23.ThmD.Sextuple.Macro.Chunks.Chunk1941 (4.0s)
✔ [9899/11879] Built Zeta23.ThmD.Sextuple.Macro.Chunks.Chunk1948 (18s)
✔ [9900/11879] Built Zeta23.ThmD.Sextuple.Macro.Chunks.Chunk1958 (28s)
✔ [9901/11879] Built Zeta23.ThmD.Sextuple.Macro.Chunks.Chunk1939 (7.1s)
✔ [9902/11879] Built Zeta23.ThmD.Sextuple.Macro.Chunks.Chunk1951 (24s)
✔ [9903/11879] Built Zeta23.ThmD.Sextuple.Macro.Chunks.Chunk1936 (5.6s)
✔ [9904/11879] Built Zeta23.ThmD.Sextuple.Macro.Chunks.Chunk1937 (5.6s)
✔ [9905/11879] Built Zeta23.ThmD.Sextuple.Macro.Chunks.Chunk1938 (5.7s)
✔ [9906/11879] Built Zeta23.ThmD.Sextuple.Macro.Chunks.Chunk1935 (5.2s)
✔ [9907/11879] Built Zeta23.ThmD.Sextuple.Macro.Chunks.Chunk1949 (25s)
✔ [9908/11879] Built Zeta23.ThmD.Sextuple.Macro.Chunks.Chunk1950 (26s)
✔ [9909/11879] Built Zeta23.ThmD.Sextuple.Macro.Chunks.Chunk1947 (27s)
✔ [9910/11879] Built Zeta23.ThmD.Sextuple.Macro.Chunks.Chunk1934 (5.3s)
✔ [9911/11879] Built Zeta23.ThmD.Sextuple.Macro.Chunks.Chunk1931 (6.4s)
✔ [9912/11879] Built Zeta23.ThmD.Sextuple.Macro.Chunks.Chunk1932 (6.4s)
✔ [9913/11879] Built Zeta23.ThmD.Sextuple.Macro.Chunks.Chunk1933 (6.5s)
✔ [9914/11879] Built Zeta23.ThmD.Sextuple.Macro.Chunks.Chunk1926 (5.0s)
✔ [9915/11879] Built Zeta23.ThmD.Sextuple.Macro.Chunks.Chunk1925 (5.2s)
✔ [9916/11879] Built Zeta23.ThmD.Sextuple.Macro.Chunks.Chunk1930 (11s)
✔ [9917/11879] Built Zeta23.ThmD.Sextuple.Macro.Chunks.Chunk1924 (6.1s)
✔ [9918/11879] Built Zeta23.ThmD.Sextuple.Macro.Chunks.Chunk1923 (6.5s)
✔ [9919/11879] Built Zeta23.ThmD.Sextuple.Macro.Chunks.Chunk1922 (6.0s)
✔ [9920/11879] Built Zeta23.ThmD.Sextuple.Macro.Chunks.Chunk1928 (14s)
✔ [9921/11879] Built Zeta23.ThmD.Sextuple.Macro.Chunks.Chunk1940 (26s)
✔ [9922/11879] Built Zeta23.ThmD.Sextuple.Macro.Chunks.Chunk1929 (16s)
✔ [9923/11879] Built Zeta23.ThmD.Sextuple.Macro.Chunks.Chunk1918 (5.2s)
✔ [9924/11879] Built Zeta23.ThmD.Sextuple.Macro.Chunks.Chunk1917 (5.1s)
✔ [9925/11879] Built Zeta23.ThmD.Sextuple.Macro.Chunks.Chunk1916 (5.7s)
✔ [9926/11879] Built Zeta23.ThmD.Sextuple.Macro.Chunks.Chunk1920 (11s)
✔ [9927/11879] Built Zeta23.ThmD.Sextuple.Macro.Chunks.Chunk1921 (12s)
✔ [9928/11879] Built Zeta23.ThmD.Sextuple.Macro.Chunks.Chunk1915 (6.3s)
✔ [9929/11879] Built Zeta23.ThmD.Sextuple.Macro.Chunks.Chunk1914 (6.7s)
✔ [9930/11879] Built Zeta23.ThmD.Sextuple.Macro.Chunks.Chunk1909 (5.2s)
✔ [9931/11879] Built Zeta23.ThmD.Sextuple.Macro.Chunks.Chunk1908 (4.8s)
✔ [9932/11879] Built Zeta23.ThmD.Sextuple.Macro.Chunks.Chunk1912 (8.6s)
✔ [9933/11879] Built Zeta23.ThmD.Sextuple.Macro.Chunks.Chunk1927 (24s)
✔ [9934/11879] Built Zeta23.ThmD.Sextuple.Macro.Chunks.Chunk1913 (9.7s)
✔ [9935/11879] Built Zeta23.ThmD.Sextuple.Macro.Chunks.Chunk1839 (5.2s)
✔ [9936/11879] Built Zeta23.ThmD.Sextuple.Macro.Chunks.Chunk1838 (5.7s)
✔ [9937/11879] Built Zeta23.ThmD.Sextuple.Macro.Chunks.Chunk1911 (5.7s)
✔ [9938/11879] Built Zeta23.ThmD.Sextuple.Macro.Chunks.Chunk1919 (19s)
✔ [9939/11879] Built Zeta23.ThmD.Sextuple.Macro.Chunks.Chunk1837 (10s)
✔ [9940/11879] Built Zeta23.ThmD.Sextuple.Macro.Chunks.Chunk1905 (5.7s)
✔ [9941/11879] Built Zeta23.ThmD.Sextuple.Macro.Chunks.Chunk1836 (9.9s)
✔ [9942/11879] Built Zeta23.ThmD.Sextuple.Macro.Chunks.Chunk1904 (5.6s)
✔ [9943/11879] Built Zeta23.ThmD.Sextuple.Macro.Chunks.Chunk1835 (10s)
✔ [9944/11879] Built Zeta23.ThmD.Sextuple.Macro.Chunks.Chunk1906 (18s)
✔ [9945/11879] Built Zeta23.ThmD.Sextuple.Macro.Chunks.Chunk1907 (23s)
✔ [9946/11879] Built Zeta23.ThmD.Sextuple.Macro.Chunks.Chunk1900 (17s)
✔ [9947/11879] Built Zeta23.ThmD.Sextuple.Macro.Chunks.Chunk1898 (18s)
✔ [9948/11879] Built Zeta23.ThmD.Sextuple.Macro.Chunks.Chunk1901 (20s)
✔ [9949/11879] Built Zeta23.ThmD.Sextuple.Macro.Chunks.Chunk1899 (19s)
✔ [9950/11879] Built Zeta23.ThmD.Sextuple.Macro.Chunks.Chunk1910 (30s)
✔ [9951/11879] Built Zeta23.ThmD.Sextuple.Macro.Chunks.Chunk1891 (8.1s)
✔ [9952/11879] Built Zeta23.ThmD.Sextuple.Macro.Chunks.Chunk1903 (31s)
✔ [9953/11879] Built Zeta23.ThmD.Sextuple.Macro.Chunks.Chunk1897 (27s)
✔ [9954/11879] Built Zeta23.ThmD.Sextuple.Macro.Chunks.Chunk1893 (9.9s)
✔ [9955/11879] Built Zeta23.ThmD.Sextuple.Macro.Chunks.Chunk1902 (31s)
✔ [9956/11879] Built Zeta23.ThmD.Sextuple.Macro.Chunks.Chunk1887 (8.9s)
✔ [9957/11879] Built Zeta23.ThmD.Sextuple.Macro.Chunks.Chunk1896 (26s)
✔ [9958/11879] Built Zeta23.ThmD.Sextuple.Macro.Chunks.Chunk1892 (23s)
✔ [9959/11879] Built Zeta23.ThmD.Sextuple.Macro.Chunks.Chunk1895 (31s)
✔ [9960/11879] Built Zeta23.ThmD.Sextuple.Macro.Chunks.Chunk1894 (30s)
✔ [9961/11879] Built Zeta23.ThmD.Sextuple.Macro.Chunks.Chunk1888 (23s)
✔ [9962/11879] Built Zeta23.ThmD.Sextuple.Macro.Chunks.Chunk1886 (23s)
✔ [9963/11879] Built Zeta23.ThmD.Sextuple.Macro.Chunks.Chunk1883 (15s)
✔ [9964/11879] Built Zeta23.ThmD.Sextuple.Macro.Chunks.Chunk1885 (26s)
✔ [9965/11879] Built Zeta23.ThmD.Sextuple.Macro.Chunks.Chunk1890 (35s)
✔ [9966/11879] Built Zeta23.ThmD.Sextuple.Macro.Chunks.Chunk1889 (34s)
✔ [9967/11879] Built Zeta23.ThmD.Sextuple.Macro.Chunks.Chunk1881 (17s)
✔ [9968/11879] Built Zeta23.ThmD.Sextuple.Macro.Chunks.Chunk1882 (27s)
✔ [9969/11879] Built Zeta23.ThmD.Sextuple.Macro.Chunks.Chunk1877 (16s)
✔ [9970/11879] Built Zeta23.ThmD.Sextuple.Macro.Chunks.Chunk1884 (33s)
✔ [9971/11879] Built Zeta23.ThmD.Sextuple.Macro.Chunks.Chunk1879 (19s)
✔ [9972/11879] Built Zeta23.ThmD.Sextuple.Macro.Chunks.Chunk1875 (14s)
✔ [9973/11879] Built Zeta23.ThmD.Sextuple.Macro.Chunks.Chunk1868 (4.2s)
✔ [9974/11879] Built Zeta23.ThmD.Sextuple.Macro.Chunks.Chunk1880 (31s)
✔ [9975/11879] Built Zeta23.ThmD.Sextuple.Macro.Chunks.Chunk1873 (15s)
✔ [9976/11879] Built Zeta23.ThmD.Sextuple.Macro.Chunks.Chunk1876 (25s)
✔ [9977/11879] Built Zeta23.ThmD.Sextuple.Macro.Chunks.Chunk1878 (29s)
✔ [9978/11879] Built Zeta23.ThmD.Sextuple.Macro.Chunks.Chunk1867 (4.2s)
✔ [9979/11879] Built Zeta23.ThmD.Sextuple.Macro.Chunks.Chunk1870 (16s)
✔ [9980/11879] Built Zeta23.ThmD.Sextuple.Macro.Chunks.Chunk1874 (25s)
✔ [9981/11879] Built Zeta23.ThmD.Sextuple.Macro.Chunks.Chunk1862 (5.4s)
✔ [9982/11879] Built Zeta23.ThmD.Sextuple.Macro.Chunks.Chunk1866 (12s)
✔ [9983/11879] Built Zeta23.ThmD.Sextuple.Macro.Chunks.Chunk1861 (5.2s)
✔ [9984/11879] Built Zeta23.ThmD.Sextuple.Macro.Chunks.Chunk1871 (25s)
✔ [9985/11879] Built Zeta23.ThmD.Sextuple.Macro.Chunks.Chunk1872 (25s)
✔ [9986/11879] Built Zeta23.ThmD.Sextuple.Macro.Chunks.Chunk1869 (25s)
✔ [9987/11879] Built Zeta23.ThmD.Sextuple.Macro.Chunks.Chunk1858 (4.8s)
✔ [9988/11879] Built Zeta23.ThmD.Sextuple.Macro.Chunks.Chunk1864 (16s)
✔ [9989/11879] Built Zeta23.ThmD.Sextuple.Macro.Chunks.Chunk1855 (5.2s)
✔ [9990/11879] Built Zeta23.ThmD.Sextuple.Macro.Chunks.Chunk1860 (14s)
✔ [9991/11879] Built Zeta23.ThmD.Sextuple.Macro.Chunks.Chunk1853 (5.3s)
✔ [9992/11879] Built Zeta23.ThmD.Sextuple.Macro.Chunks.Chunk1852 (4.9s)
✔ [9993/11879] Built Zeta23.ThmD.Sextuple.Macro.Chunks.Chunk1854 (7.2s)
✔ [9994/11879] Built Zeta23.ThmD.Sextuple.Macro.Chunks.Chunk1849 (5.2s)
✔ [9995/11879] Built Zeta23.ThmD.Sextuple.Macro.Chunks.Chunk1848 (5.2s)
✔ [9996/11879] Built Zeta23.ThmD.Sextuple.Macro.Chunks.Chunk1857 (15s)
✔ [9997/11879] Built Zeta23.ThmD.Sextuple.Macro.Chunks.Chunk1847 (4.7s)
✔ [9998/11879] Built Zeta23.ThmD.Sextuple.Macro.Chunks.Chunk1863 (27s)
✔ [9999/11879] Built Zeta23.ThmD.Sextuple.Macro.Chunks.Chunk1865 (27s)
✔ [10000/11879] Built Zeta23.ThmD.Sextuple.Macro.Chunks.Chunk1844 (5.0s)
✔ [10001/11879] Built Zeta23.ThmD.Sextuple.Macro.Chunks.Chunk1843 (6.1s)
✔ [10002/11879] Built Zeta23.ThmD.Sextuple.Macro.Chunks.Chunk1841 (5.9s)
✔ [10003/11879] Built Zeta23.ThmD.Sextuple.Macro.Chunks.Chunk1842 (5.0s)
✔ [10004/11879] Built Zeta23.ThmD.Sextuple.Macro.Chunks.Chunk1859 (27s)
✔ [10005/11879] Built Zeta23.ThmD.Sextuple.Macro.Chunks.Chunk1840 (5.4s)
✔ [10006/11879] Built Zeta23.ThmD.Sextuple.Macro.Chunks.Chunk1851 (19s)
✔ [10007/11879] Built Zeta23.ThmD.Sextuple.Macro.Chunks.Chunk1832 (5.7s)
✔ [10008/11879] Built Zeta23.ThmD.Sextuple.Macro.Chunks.Chunk1831 (6.1s)
✔ [10009/11879] Built Zeta23.ThmD.Sextuple.Macro.Chunks.Chunk1856 (28s)
✔ [10010/11879] Built Zeta23.ThmD.Sextuple.Macro.Chunks.Chunk1830 (4.6s)
✔ [10011/11879] Built Zeta23.ThmD.Sextuple.Macro.Chunks.Chunk1829 (6.3s)
✔ [10012/11879] Built Zeta23.ThmD.Sextuple.Macro.Chunks.Chunk1834 (12s)
✔ [10013/11879] Built Zeta23.ThmD.Sextuple.Macro.Chunks.Chunk1828 (6.8s)
✔ [10014/11879] Built Zeta23.ThmD.Sextuple.Macro.Chunks.Chunk1825 (4.6s)
✔ [10015/11879] Built Zeta23.ThmD.Sextuple.Macro.Chunks.Chunk1850 (27s)
✔ [10016/11879] Built Zeta23.ThmD.Sextuple.Macro.Chunks.Chunk1824 (5.3s)
✔ [10017/11879] Built Zeta23.ThmD.Sextuple.Macro.Chunks.Chunk1846 (24s)
✔ [10018/11879] Built Zeta23.ThmD.Sextuple.Macro.Chunks.Chunk1845 (26s)
✔ [10019/11879] Built Zeta23.ThmD.Sextuple.Macro.Chunks.Chunk1821 (7.7s)
✔ [10020/11879] Built Zeta23.ThmD.Sextuple.Macro.Chunks.Chunk1819 (4.6s)
✔ [10021/11879] Built Zeta23.ThmD.Sextuple.Macro.Chunks.Chunk1818 (4.5s)
✔ [10022/11879] Built Zeta23.ThmD.Sextuple.Macro.Chunks.Chunk1820 (8.2s)
✔ [10023/11879] Built Zeta23.ThmD.Sextuple.Macro.Chunks.Chunk1822 (10s)
✔ [10024/11879] Built Zeta23.ThmD.Sextuple.Macro.Chunks.Chunk1817 (4.2s)
✔ [10025/11879] Built Zeta23.ThmD.Sextuple.Macro.Chunks.Chunk1833 (25s)
✔ [10026/11879] Built Zeta23.ThmD.Sextuple.Macro.Chunks.Chunk1805 (5.9s)
✔ [10027/11879] Built Zeta23.ThmD.Sextuple.Macro.Chunks.Chunk1802 (5.4s)
✔ [10028/11879] Built Zeta23.ThmD.Sextuple.Macro.Chunks.Chunk1803 (5.6s)
✔ [10029/11879] Built Zeta23.ThmD.Sextuple.Macro.Chunks.Chunk1827 (22s)
✔ [10030/11879] Built Zeta23.ThmD.Sextuple.Macro.Chunks.Chunk1801 (4.4s)
✔ [10031/11879] Built Zeta23.ThmD.Sextuple.Macro.Chunks.Chunk1800 (4.7s)
✔ [10032/11879] Built Zeta23.ThmD.Sextuple.Macro.Chunks.Chunk1799 (5.9s)
✔ [10033/11879] Built Zeta23.ThmD.Sextuple.Macro.Chunks.Chunk1797 (5.9s)
✔ [10034/11879] Built Zeta23.ThmD.Sextuple.Macro.Chunks.Chunk1823 (27s)
✔ [10035/11879] Built Zeta23.ThmD.Sextuple.Macro.Chunks.Chunk1826 (29s)
✔ [10036/11879] Built Zeta23.ThmD.Sextuple.Macro.Chunks.Chunk1798 (10s)
✔ [10037/11879] Built Zeta23.ThmD.Sextuple.Macro.Chunks.Chunk1796 (9.4s)
✔ [10038/11879] Built Zeta23.ThmD.Sextuple.Macro.Chunks.Chunk1815 (5.1s)
✔ [10039/11879] Built Zeta23.ThmD.Sextuple.Macro.Chunks.Chunk1816 (5.1s)
✔ [10040/11879] Built Zeta23.ThmD.Sextuple.Macro.Chunks.Chunk1795 (8.6s)
✔ [10041/11879] Built Zeta23.ThmD.Sextuple.Macro.Chunks.Chunk1806 (20s)
✔ [10042/11879] Built Zeta23.ThmD.Sextuple.Macro.Chunks.Chunk1812 (6.2s)
✔ [10043/11879] Built Zeta23.ThmD.Sextuple.Macro.Chunks.Chunk1807 (25s)
✔ [10044/11879] Built Zeta23.ThmD.Sextuple.Macro.Chunks.Chunk1804 (24s)
✔ [10045/11879] Built Zeta23.ThmD.Sextuple.Macro.Chunks.Chunk1791 (4.6s)
✔ [10046/11879] Built Zeta23.ThmD.Sextuple.Macro.Chunks.Chunk1790 (4.4s)
✔ [10047/11879] Built Zeta23.ThmD.Sextuple.Macro.Chunks.Chunk1809 (17s)
✔ [10048/11879] Built Zeta23.ThmD.Sextuple.Macro.Chunks.Chunk1808 (19s)
✔ [10049/11879] Built Zeta23.ThmD.Sextuple.Macro.Chunks.Chunk1788 (5.2s)
✔ [10050/11879] Built Zeta23.ThmD.Sextuple.Macro.Chunks.Chunk1793 (18s)
✔ [10051/11879] Built Zeta23.ThmD.Sextuple.Macro.Chunks.Chunk1810 (24s)
✔ [10052/11879] Built Zeta23.ThmD.Sextuple.Macro.Chunks.Chunk1792 (18s)
✔ [10053/11879] Built Zeta23.ThmD.Sextuple.Macro.Chunks.Chunk1811 (25s)
✔ [10054/11879] Built Zeta23.ThmD.Sextuple.Macro.Chunks.Chunk1814 (26s)
✔ [10055/11879] Built Zeta23.ThmD.Sextuple.Macro.Chunks.Chunk1789 (10s)
✔ [10056/11879] Built Zeta23.ThmD.Sextuple.Macro.Chunks.Chunk1794 (25s)
✔ [10057/11879] Built Zeta23.ThmD.Sextuple.Macro.Chunks.Chunk1813 (29s)
✔ [10058/11879] Built Zeta23.ThmD.Sextuple.Macro.Chunks.Chunk1787 (9.7s)
✔ [10059/11879] Built Zeta23.ThmD.Sextuple.Macro.Chunks.Chunk1784 (7.1s)
✔ [10060/11879] Built Zeta23.ThmD.Sextuple.Macro.Chunks.Chunk1785 (8.2s)
✔ [10061/11879] Built Zeta23.ThmD.Sextuple.Macro.Chunks.Chunk1775 (5.0s)
✔ [10062/11879] Built Zeta23.ThmD.Sextuple.Macro.Chunks.Chunk1774 (4.1s)
✔ [10063/11879] Built Zeta23.ThmD.Sextuple.Macro.Chunks.Chunk1782 (19s)
✔ [10064/11879] Built Zeta23.ThmD.Sextuple.Macro.Chunks.Chunk1780 (20s)
✔ [10065/11879] Built Zeta23.ThmD.Sextuple.Macro.Chunks.Chunk1779 (23s)
✔ [10066/11879] Built Zeta23.ThmD.Sextuple.Macro.Chunks.Chunk1771 (4.7s)
✔ [10067/11879] Built Zeta23.ThmD.Sextuple.Macro.Chunks.Chunk1786 (28s)
✔ [10068/11879] Built Zeta23.ThmD.Sextuple.Macro.Chunks.Chunk1781 (28s)
✔ [10069/11879] Built Zeta23.ThmD.Sextuple.Macro.Chunks.Chunk1770 (4.5s)
✔ [10070/11879] Built Zeta23.ThmD.Sextuple.Macro.Chunks.Chunk1769 (4.0s)
✔ [10071/11879] Built Zeta23.ThmD.Sextuple.Macro.Chunks.Chunk1773 (16s)
✔ [10072/11879] Built Zeta23.ThmD.Sextuple.Macro.Chunks.Chunk1778 (29s)
✔ [10073/11879] Built Zeta23.ThmD.Sextuple.Macro.Chunks.Chunk1766 (4.5s)
✔ [10074/11879] Built Zeta23.ThmD.Sextuple.Macro.Chunks.Chunk1777 (29s)
✔ [10075/11879] Built Zeta23.ThmD.Sextuple.Macro.Chunks.Chunk1783 (34s)
✔ [10076/11879] Built Zeta23.ThmD.Sextuple.Macro.Chunks.Chunk1776 (29s)
✔ [10077/11879] Built Zeta23.ThmD.Sextuple.Macro.Chunks.Chunk1765 (5.1s)
✔ [10078/11879] Built Zeta23.ThmD.Sextuple.Macro.Chunks.Chunk1764 (4.9s)
✔ [10079/11879] Built Zeta23.ThmD.Sextuple.Macro.Chunks.Chunk1763 (5.1s)
✔ [10080/11879] Built Zeta23.ThmD.Sextuple.Macro.Chunks.Chunk1760 (5.8s)
✔ [10081/11879] Built Zeta23.ThmD.Sextuple.Macro.Chunks.Chunk1759 (5.8s)
✔ [10082/11879] Built Zeta23.ThmD.Sextuple.Macro.Chunks.Chunk1758 (5.6s)
✔ [10083/11879] Built Zeta23.ThmD.Sextuple.Macro.Chunks.Chunk1757 (5.3s)
✔ [10084/11879] Built Zeta23.ThmD.Sextuple.Macro.Chunks.Chunk1772 (23s)
✔ [10085/11879] Built Zeta23.ThmD.Sextuple.Macro.Chunks.Chunk1768 (18s)
✔ [10086/11879] Built Zeta23.ThmD.Sextuple.Macro.Chunks.Chunk1755 (4.6s)
✔ [10087/11879] Built Zeta23.ThmD.Sextuple.Macro.Chunks.Chunk1756 (7.7s)
✔ [10088/11879] Built Zeta23.ThmD.Sextuple.Macro.Chunks.Chunk1754 (5.1s)
✔ [10089/11879] Built Zeta23.ThmD.Sextuple.Macro.Chunks.Chunk1753 (8.3s)
✔ [10090/11879] Built Zeta23.ThmD.Sextuple.Macro.Chunks.Chunk1762 (16s)
✔ [10091/11879] Built Zeta23.ThmD.Sextuple.Macro.Chunks.Chunk1750 (6.4s)
✔ [10092/11879] Built Zeta23.ThmD.Sextuple.Macro.Chunks.Chunk1747 (5.1s)
✔ [10093/11879] Built Zeta23.ThmD.Sextuple.Macro.Chunks.Chunk1767 (22s)
✔ [10094/11879] Built Zeta23.ThmD.Sextuple.Macro.Chunks.Chunk1752 (9.2s)
✔ [10095/11879] Built Zeta23.ThmD.Sextuple.Macro.Chunks.Chunk1751 (8.6s)
✔ [10096/11879] Built Zeta23.ThmD.Sextuple.Macro.Chunks.Chunk1761 (19s)
✔ [10097/11879] Built Zeta23.ThmD.Sextuple.Macro.Chunks.Chunk1746 (5.4s)
✔ [10098/11879] Built Zeta23.ThmD.Sextuple.Macro.Chunks.Chunk1745 (6.3s)
✔ [10099/11879] Built Zeta23.ThmD.Sextuple.Macro.Chunks.Chunk1744 (6.4s)
✔ [10100/11879] Built Zeta23.ThmD.Sextuple.Macro.Chunks.Chunk1743 (6.0s)
✔ [10101/11879] Built Zeta23.ThmD.Sextuple.Macro.Chunks.Chunk1738 (5.3s)
✔ [10102/11879] Built Zeta23.ThmD.Sextuple.Macro.Chunks.Chunk1737 (5.3s)
✔ [10103/11879] Built Zeta23.ThmD.Sextuple.Macro.Chunks.Chunk1736 (5.2s)
✔ [10104/11879] Built Zeta23.ThmD.Sextuple.Macro.Chunks.Chunk1735 (4.7s)
✔ [10105/11879] Built Zeta23.ThmD.Sextuple.Macro.Chunks.Chunk1734 (4.5s)
✔ [10106/11879] Built Zeta23.ThmD.Sextuple.Macro.Chunks.Chunk1733 (5.1s)
✔ [10107/11879] Built Zeta23.ThmD.Sextuple.Macro.Chunks.Chunk1732 (5.3s)
✔ [10108/11879] Built Zeta23.ThmD.Sextuple.Macro.Chunks.Chunk1741 (16s)
✔ [10109/11879] Built Zeta23.ThmD.Sextuple.Macro.Chunks.Chunk1730 (4.4s)
✔ [10110/11879] Built Zeta23.ThmD.Sextuple.Macro.Chunks.Chunk1742 (21s)
✔ [10111/11879] Built Zeta23.ThmD.Sextuple.Macro.Chunks.Chunk1748 (27s)
✔ [10112/11879] Built Zeta23.ThmD.Sextuple.Macro.Chunks.Chunk1728 (6.1s)
✔ [10113/11879] Built Zeta23.ThmD.Sextuple.Macro.Chunks.Chunk1749 (29s)
✔ [10114/11879] Built Zeta23.ThmD.Sextuple.Macro.Chunks.Chunk1740 (24s)
✔ [10115/11879] Built Zeta23.ThmD.Sextuple.Macro.Chunks.Chunk1739 (23s)
✔ [10116/11879] Built Zeta23.ThmD.Sextuple.Macro.Chunks.Chunk1724 (6.8s)
✔ [10117/11879] Built Zeta23.ThmD.Sextuple.Macro.Chunks.Chunk1722 (7.4s)
✔ [10118/11879] Built Zeta23.ThmD.Sextuple.Macro.Chunks.Chunk1727 (14s)
✔ [10119/11879] Built Zeta23.ThmD.Sextuple.Macro.Chunks.Chunk1729 (17s)
✔ [10120/11879] Built Zeta23.ThmD.Sextuple.Macro.Chunks.Chunk1721 (8.0s)
✔ [10121/11879] Built Zeta23.ThmD.Sextuple.Macro.Chunks.Chunk1731 (22s)
✔ [10122/11879] Built Zeta23.ThmD.Sextuple.Macro.Chunks.Chunk1593 (4.8s)
✔ [10123/11879] Built Zeta23.ThmD.Sextuple.Macro.Chunks.Chunk1592 (5.0s)
✔ [10124/11879] Built Zeta23.ThmD.Sextuple.Macro.Chunks.Chunk1726 (18s)
✔ [10125/11879] Built Zeta23.ThmD.Sextuple.Macro.Chunks.Chunk1591 (4.3s)
✔ [10126/11879] Built Zeta23.ThmD.Sextuple.Macro.Chunks.Chunk1590 (4.0s)
✔ [10127/11879] Built Zeta23.ThmD.Sextuple.Macro.Chunks.Chunk1589 (4.8s)
✔ [10128/11879] Built Zeta23.ThmD.Sextuple.Macro.Chunks.Chunk1588 (5.4s)
✔ [10129/11879] Built Zeta23.ThmD.Sextuple.Macro.Chunks.Chunk1587 (5.3s)
✔ [10130/11879] Built Zeta23.ThmD.Sextuple.Macro.Chunks.Chunk1723 (19s)
✔ [10131/11879] Built Zeta23.ThmD.Sextuple.Macro.Chunks.Chunk1586 (5.3s)
✔ [10132/11879] Built Zeta23.ThmD.Sextuple.Macro.Chunks.Chunk1725 (22s)
✔ [10133/11879] Built Zeta23.ThmD.Sextuple.Macro.Chunks.Chunk1719 (19s)
✔ [10134/11879] Built Zeta23.ThmD.Sextuple.Macro.Chunks.Chunk1715 (7.5s)
✔ [10135/11879] Built Zeta23.ThmD.Sextuple.Macro.Chunks.Chunk1585 (11s)
✔ [10136/11879] Built Zeta23.ThmD.Sextuple.Macro.Chunks.Chunk1584 (12s)
✔ [10137/11879] Built Zeta23.ThmD.Sextuple.Macro.Chunks.Chunk1716 (11s)
✔ [10138/11879] Built Zeta23.ThmD.Sextuple.Macro.Chunks.Chunk1718 (15s)
✔ [10139/11879] Built Zeta23.ThmD.Sextuple.Macro.Chunks.Chunk1720 (30s)
✔ [10140/11879] Built Zeta23.ThmD.Sextuple.Macro.Chunks.Chunk1711 (8.5s)
✔ [10141/11879] Built Zeta23.ThmD.Sextuple.Macro.Chunks.Chunk1710 (12s)
✔ [10142/11879] Built Zeta23.ThmD.Sextuple.Macro.Chunks.Chunk1708 (13s)
✔ [10143/11879] Built Zeta23.ThmD.Sextuple.Macro.Chunks.Chunk1717 (27s)
✔ [10144/11879] Built Zeta23.ThmD.Sextuple.Macro.Chunks.Chunk1713 (24s)
✔ [10145/11879] Built Zeta23.ThmD.Sextuple.Macro.Chunks.Chunk1714 (31s)
✔ [10146/11879] Built Zeta23.ThmD.Sextuple.Macro.Chunks.Chunk1712 (25s)
✔ [10147/11879] Built Zeta23.ThmD.Sextuple.Macro.Chunks.Chunk1707 (23s)
✔ [10148/11879] Built Zeta23.ThmD.Sextuple.Macro.Chunks.Chunk1704 (16s)
✔ [10149/11879] Built Zeta23.ThmD.Sextuple.Macro.Chunks.Chunk1709 (27s)
✔ [10150/11879] Built Zeta23.ThmD.Sextuple.Macro.Chunks.Chunk1706 (24s)
✔ [10151/11879] Built Zeta23.ThmD.Sextuple.Macro.Chunks.Chunk1705 (23s)
✔ [10152/11879] Built Zeta23.ThmD.Sextuple.Macro.Chunks.Chunk1702 (15s)
✔ [10153/11879] Built Zeta23.ThmD.Sextuple.Macro.Chunks.Chunk1694 (4.9s)
✔ [10154/11879] Built Zeta23.ThmD.Sextuple.Macro.Chunks.Chunk1703 (20s)
✔ [10155/11879] Built Zeta23.ThmD.Sextuple.Macro.Chunks.Chunk1693 (4.3s)
✔ [10156/11879] Built Zeta23.ThmD.Sextuple.Macro.Chunks.Chunk1692 (4.5s)
✔ [10157/11879] Built Zeta23.ThmD.Sextuple.Macro.Chunks.Chunk1691 (4.6s)
✔ [10158/11879] Built Zeta23.ThmD.Sextuple.Macro.Chunks.Chunk1701 (25s)
✔ [10159/11879] Built Zeta23.ThmD.Sextuple.Macro.Chunks.Chunk1697 (18s)
✔ [10160/11879] Built Zeta23.ThmD.Sextuple.Macro.Chunks.Chunk1688 (4.5s)
✔ [10161/11879] Built Zeta23.ThmD.Sextuple.Macro.Chunks.Chunk1698 (20s)
✔ [10162/11879] Built Zeta23.ThmD.Sextuple.Macro.Chunks.Chunk1696 (19s)
✔ [10163/11879] Built Zeta23.ThmD.Sextuple.Macro.Chunks.Chunk1687 (7.0s)
✔ [10164/11879] Built Zeta23.ThmD.Sextuple.Macro.Chunks.Chunk1700 (28s)
✔ [10165/11879] Built Zeta23.ThmD.Sextuple.Macro.Chunks.Chunk1686 (5.0s)
✔ [10166/11879] Built Zeta23.ThmD.Sextuple.Macro.Chunks.Chunk1695 (22s)
✔ [10167/11879] Built Zeta23.ThmD.Sextuple.Macro.Chunks.Chunk1690 (15s)
✔ [10168/11879] Built Zeta23.ThmD.Sextuple.Macro.Chunks.Chunk1684 (6.9s)
✔ [10169/11879] Built Zeta23.ThmD.Sextuple.Macro.Chunks.Chunk1699 (32s)
✔ [10170/11879] Built Zeta23.ThmD.Sextuple.Macro.Chunks.Chunk1681 (7.6s)
✔ [10171/11879] Built Zeta23.ThmD.Sextuple.Macro.Chunks.Chunk1676 (5.3s)
✔ [10172/11879] Built Zeta23.ThmD.Sextuple.Macro.Chunks.Chunk1677 (5.7s)
✔ [10173/11879] Built Zeta23.ThmD.Sextuple.Macro.Chunks.Chunk1683 (11s)
✔ [10174/11879] Built Zeta23.ThmD.Sextuple.Macro.Chunks.Chunk1678 (7.3s)
✔ [10175/11879] Built Zeta23.ThmD.Sextuple.Macro.Chunks.Chunk1675 (4.5s)
✔ [10176/11879] Built Zeta23.ThmD.Sextuple.Macro.Chunks.Chunk1674 (5.0s)
✔ [10177/11879] Built Zeta23.ThmD.Sextuple.Macro.Chunks.Chunk1673 (7.5s)
✔ [10178/11879] Built Zeta23.ThmD.Sextuple.Macro.Chunks.Chunk1671 (7.3s)
✔ [10179/11879] Built Zeta23.ThmD.Sextuple.Macro.Chunks.Chunk1689 (28s)
✔ [10180/11879] Built Zeta23.ThmD.Sextuple.Macro.Chunks.Chunk1680 (17s)
✔ [10181/11879] Built Zeta23.ThmD.Sextuple.Macro.Chunks.Chunk1672 (12s)
✔ [10182/11879] Built Zeta23.ThmD.Sextuple.Macro.Chunks.Chunk1670 (14s)
✔ [10183/11879] Built Zeta23.ThmD.Sextuple.Macro.Chunks.Chunk1664 (6.1s)
✔ [10184/11879] Built Zeta23.ThmD.Sextuple.Macro.Chunks.Chunk1666 (10s)
✔ [10185/11879] Built Zeta23.ThmD.Sextuple.Macro.Chunks.Chunk1669 (12s)
✔ [10186/11879] Built Zeta23.ThmD.Sextuple.Macro.Chunks.Chunk1685 (32s)
✔ [10187/11879] Built Zeta23.ThmD.Sextuple.Macro.Chunks.Chunk1682 (28s)
✔ [10188/11879] Built Zeta23.ThmD.Sextuple.Macro.Chunks.Chunk1667 (13s)
✔ [10189/11879] Built Zeta23.ThmD.Sextuple.Macro.Chunks.Chunk1679 (28s)
✔ [10190/11879] Built Zeta23.ThmD.Sextuple.Macro.Chunks.Chunk1657 (5.4s)
✔ [10191/11879] Built Zeta23.ThmD.Sextuple.Macro.Chunks.Chunk1655 (4.2s)
✔ [10192/11879] Built Zeta23.ThmD.Sextuple.Macro.Chunks.Chunk1658 (12s)
✔ [10193/11879] Built Zeta23.ThmD.Sextuple.Macro.Chunks.Chunk1668 (24s)
✔ [10194/11879] Built Zeta23.ThmD.Sextuple.Macro.Chunks.Chunk1654 (4.6s)
✔ [10195/11879] Built Zeta23.ThmD.Sextuple.Macro.Chunks.Chunk1663 (19s)
✔ [10196/11879] Built Zeta23.ThmD.Sextuple.Macro.Chunks.Chunk1661 (18s)
✔ [10197/11879] Built Zeta23.ThmD.Sextuple.Macro.Chunks.Chunk1660 (18s)
✔ [10198/11879] Built Zeta23.ThmD.Sextuple.Macro.Chunks.Chunk1662 (19s)
✔ [10199/11879] Built Zeta23.ThmD.Sextuple.Macro.Chunks.Chunk1665 (30s)
✔ [10200/11879] Built Zeta23.ThmD.Sextuple.Macro.Chunks.Chunk1653 (10s)
✔ [10201/11879] Built Zeta23.ThmD.Sextuple.Macro.Chunks.Chunk1646 (4.5s)
✔ [10202/11879] Built Zeta23.ThmD.Sextuple.Macro.Chunks.Chunk1659 (26s)
✔ [10203/11879] Built Zeta23.ThmD.Sextuple.Macro.Chunks.Chunk1645 (4.4s)
✔ [10204/11879] Built Zeta23.ThmD.Sextuple.Macro.Chunks.Chunk1656 (25s)
✔ [10205/11879] Built Zeta23.ThmD.Sextuple.Macro.Chunks.Chunk1643 (5.5s)
✔ [10206/11879] Built Zeta23.ThmD.Sextuple.Macro.Chunks.Chunk1644 (5.5s)
✔ [10207/11879] Built Zeta23.ThmD.Sextuple.Macro.Chunks.Chunk1650 (18s)
✔ [10208/11879] Built Zeta23.ThmD.Sextuple.Macro.Chunks.Chunk1639 (5.3s)
✔ [10209/11879] Built Zeta23.ThmD.Sextuple.Macro.Chunks.Chunk1640 (5.3s)
✔ [10210/11879] Built Zeta23.ThmD.Sextuple.Macro.Chunks.Chunk1649 (20s)
✔ [10211/11879] Built Zeta23.ThmD.Sextuple.Macro.Chunks.Chunk1648 (20s)
✔ [10212/11879] Built Zeta23.ThmD.Sextuple.Macro.Chunks.Chunk1652 (27s)
✔ [10213/11879] Built Zeta23.ThmD.Sextuple.Macro.Chunks.Chunk1638 (4.8s)
✔ [10214/11879] Built Zeta23.ThmD.Sextuple.Macro.Chunks.Chunk1647 (23s)
✔ [10215/11879] Built Zeta23.ThmD.Sextuple.Macro.Chunks.Chunk1634 (4.9s)
✔ [10216/11879] Built Zeta23.ThmD.Sextuple.Macro.Chunks.Chunk1635 (5.3s)
✔ [10217/11879] Built Zeta23.ThmD.Sextuple.Macro.Chunks.Chunk1642 (17s)
✔ [10218/11879] Built Zeta23.ThmD.Sextuple.Macro.Chunks.Chunk1632 (5.1s)
✔ [10219/11879] Built Zeta23.ThmD.Sextuple.Macro.Chunks.Chunk1651 (30s)
✔ [10220/11879] Built Zeta23.ThmD.Sextuple.Macro.Chunks.Chunk1631 (4.7s)
✔ [10221/11879] Built Zeta23.ThmD.Sextuple.Macro.Chunks.Chunk1633 (6.8s)
✔ [10222/11879] Built Zeta23.ThmD.Sextuple.Macro.Chunks.Chunk1627 (5.8s)
✔ [10223/11879] Built Zeta23.ThmD.Sextuple.Macro.Chunks.Chunk1637 (18s)
✔ [10224/11879] Built Zeta23.ThmD.Sextuple.Macro.Chunks.Chunk1623 (4.4s)
✔ [10225/11879] Built Zeta23.ThmD.Sextuple.Macro.Chunks.Chunk1641 (28s)
✔ [10226/11879] Built Zeta23.ThmD.Sextuple.Macro.Chunks.Chunk1622 (5.1s)
✔ [10227/11879] Built Zeta23.ThmD.Sextuple.Macro.Chunks.Chunk1630 (17s)
✔ [10228/11879] Built Zeta23.ThmD.Sextuple.Macro.Chunks.Chunk1626 (16s)
✔ [10229/11879] Built Zeta23.ThmD.Sextuple.Macro.Chunks.Chunk1629 (20s)
✔ [10230/11879] Built Zeta23.ThmD.Sextuple.Macro.Chunks.Chunk1619 (4.9s)
✔ [10231/11879] Built Zeta23.ThmD.Sextuple.Macro.Chunks.Chunk1636 (28s)
✔ [10232/11879] Built Zeta23.ThmD.Sextuple.Macro.Chunks.Chunk1610 (5.4s)
✔ [10233/11879] Built Zeta23.ThmD.Sextuple.Macro.Chunks.Chunk1625 (21s)
✔ [10234/11879] Built Zeta23.ThmD.Sextuple.Macro.Chunks.Chunk1621 (15s)
✔ [10235/11879] Built Zeta23.ThmD.Sextuple.Macro.Chunks.Chunk1616 (6.6s)
✔ [10236/11879] Built Zeta23.ThmD.Sextuple.Macro.Chunks.Chunk1618 (10s)
✔ [10237/11879] Built Zeta23.ThmD.Sextuple.Macro.Chunks.Chunk1624 (27s)
✔ [10238/11879] Built Zeta23.ThmD.Sextuple.Macro.Chunks.Chunk1628 (31s)
✔ [10239/11879] Built Zeta23.ThmD.Sextuple.Macro.Chunks.Chunk1611 (5.4s)
✔ [10240/11879] Built Zeta23.ThmD.Sextuple.Macro.Chunks.Chunk1609 (5.0s)
✔ [10241/11879] Built Zeta23.ThmD.Sextuple.Macro.Chunks.Chunk1614 (12s)
✔ [10242/11879] Built Zeta23.ThmD.Sextuple.Macro.Chunks.Chunk1608 (4.9s)
✔ [10243/11879] Built Zeta23.ThmD.Sextuple.Macro.Chunks.Chunk1605 (5.1s)
✔ [10244/11879] Built Zeta23.ThmD.Sextuple.Macro.Chunks.Chunk1604 (5.2s)
✔ [10245/11879] Built Zeta23.ThmD.Sextuple.Macro.Chunks.Chunk1603 (5.0s)
✔ [10246/11879] Built Zeta23.ThmD.Sextuple.Macro.Chunks.Chunk1600 (4.0s)
✔ [10247/11879] Built Zeta23.ThmD.Sextuple.Macro.Chunks.Chunk1620 (33s)
✔ [10248/11879] Built Zeta23.ThmD.Sextuple.Macro.Chunks.Chunk1615 (27s)
✔ [10249/11879] Built Zeta23.ThmD.Sextuple.Macro.Chunks.Chunk1599 (4.9s)
✔ [10250/11879] Built Zeta23.ThmD.Sextuple.Macro.Chunks.Chunk1617 (31s)
✔ [10251/11879] Built Zeta23.ThmD.Sextuple.Macro.Chunks.Chunk1598 (5.2s)
✔ [10252/11879] Built Zeta23.ThmD.Sextuple.Macro.Chunks.Chunk1607 (20s)
✔ [10253/11879] Built Zeta23.ThmD.Sextuple.Macro.Chunks.Chunk1612 (26s)
✔ [10254/11879] Built Zeta23.ThmD.Sextuple.Macro.Chunks.Chunk1602 (14s)
✔ [10255/11879] Built Zeta23.ThmD.Sextuple.Macro.Chunks.Chunk1613 (32s)
✔ [10256/11879] Built Zeta23.ThmD.Sextuple.Macro.Chunks.Chunk1596 (6.0s)
✔ [10257/11879] Built Zeta23.ThmD.Sextuple.Macro.Chunks.Chunk1594 (5.6s)
✔ [10258/11879] Built Zeta23.ThmD.Sextuple.Macro.Chunks.Chunk1581 (4.9s)
✔ [10259/11879] Built Zeta23.ThmD.Sextuple.Macro.Chunks.Chunk1601 (19s)
✔ [10260/11879] Built Zeta23.ThmD.Sextuple.Macro.Chunks.Chunk1606 (27s)
✔ [10261/11879] Built Zeta23.ThmD.Sextuple.Macro.Chunks.Chunk1580 (5.3s)
✔ [10262/11879] Built Zeta23.ThmD.Sextuple.Macro.Chunks.Chunk1578 (5.0s)
✔ [10263/11879] Built Zeta23.ThmD.Sextuple.Macro.Chunks.Chunk1579 (5.8s)
✔ [10264/11879] Built Zeta23.ThmD.Sextuple.Macro.Chunks.Chunk1583 (10s)
✔ [10265/11879] Built Zeta23.ThmD.Sextuple.Macro.Chunks.Chunk1577 (5.6s)
✔ [10266/11879] Built Zeta23.ThmD.Sextuple.Macro.Chunks.Chunk1573 (5.7s)
✔ [10267/11879] Built Zeta23.ThmD.Sextuple.Macro.Chunks.Chunk1572 (5.8s)
✔ [10268/11879] Built Zeta23.ThmD.Sextuple.Macro.Chunks.Chunk1571 (6.7s)
✔ [10269/11879] Built Zeta23.ThmD.Sextuple.Macro.Chunks.Chunk1570 (9.9s)
✔ [10270/11879] Built Zeta23.ThmD.Sextuple.Macro.Chunks.Chunk1597 (26s)
✔ [10271/11879] Built Zeta23.ThmD.Sextuple.Macro.Chunks.Chunk1582 (23s)
✔ [10272/11879] Built Zeta23.ThmD.Sextuple.Macro.Chunks.Chunk1595 (27s)
✔ [10273/11879] Built Zeta23.ThmD.Sextuple.Macro.Chunks.Chunk1575 (18s)
✔ [10274/11879] Built Zeta23.ThmD.Sextuple.Macro.Chunks.Chunk1576 (20s)
✔ [10275/11879] Built Zeta23.ThmD.Sextuple.Macro.Chunks.Chunk1574 (19s)
✔ [10276/11879] Built Zeta23.ThmD.Sextuple.Macro.Chunks.Chunk1567 (17s)
✔ [10277/11879] Built Zeta23.ThmD.Sextuple.Macro.Chunks.Chunk1565 (12s)
✔ [10278/11879] Built Zeta23.ThmD.Sextuple.Macro.Chunks.Chunk1568 (22s)
✔ [10279/11879] Built Zeta23.ThmD.Sextuple.Macro.Chunks.Chunk1558 (5.0s)
✔ [10280/11879] Built Zeta23.ThmD.Sextuple.Macro.Chunks.Chunk1564 (18s)
✔ [10281/11879] Built Zeta23.ThmD.Sextuple.Macro.Chunks.Chunk1562 (16s)
✔ [10282/11879] Built Zeta23.ThmD.Sextuple.Macro.Chunks.Chunk1563 (19s)
✔ [10283/11879] Built Zeta23.ThmD.Sextuple.Macro.Chunks.Chunk1566 (24s)
✔ [10284/11879] Built Zeta23.ThmD.Sextuple.Macro.Chunks.Chunk1569 (33s)
✔ [10285/11879] Built Zeta23.ThmD.Sextuple.Macro.Chunks.Chunk1554 (5.5s)
✔ [10286/11879] Built Zeta23.ThmD.Sextuple.Macro.Chunks.Chunk1555 (6.4s)
✔ [10287/11879] Built Zeta23.ThmD.Sextuple.Macro.Chunks.Chunk1553 (5.6s)
✔ [10288/11879] Built Zeta23.ThmD.Sextuple.Macro.Chunks.Chunk1557 (16s)
✔ [10289/11879] Built Zeta23.ThmD.Sextuple.Macro.Chunks.Chunk1549 (5.2s)
✔ [10290/11879] Built Zeta23.ThmD.Sextuple.Macro.Chunks.Chunk1560 (27s)
✔ [10291/11879] Built Zeta23.ThmD.Sextuple.Macro.Chunks.Chunk1561 (28s)
✔ [10292/11879] Built Zeta23.ThmD.Sextuple.Macro.Chunks.Chunk1548 (6.3s)
✔ [10293/11879] Built Zeta23.ThmD.Sextuple.Macro.Chunks.Chunk1552 (11s)
✔ [10294/11879] Built Zeta23.ThmD.Sextuple.Macro.Chunks.Chunk1547 (5.5s)
✔ [10295/11879] Built Zeta23.ThmD.Sextuple.Macro.Chunks.Chunk1544 (6.0s)
✔ [10296/11879] Built Zeta23.ThmD.Sextuple.Macro.Chunks.Chunk1545 (6.0s)
✔ [10297/11879] Built Zeta23.ThmD.Sextuple.Macro.Chunks.Chunk1556 (22s)
✔ [10298/11879] Built Zeta23.ThmD.Sextuple.Macro.Chunks.Chunk1559 (28s)
✔ [10299/11879] Built Zeta23.ThmD.Sextuple.Macro.Chunks.Chunk1542 (5.4s)
✔ [10300/11879] Built Zeta23.ThmD.Sextuple.Macro.Chunks.Chunk1551 (15s)
✔ [10301/11879] Built Zeta23.ThmD.Sextuple.Macro.Chunks.Chunk1541 (4.8s)
✔ [10302/11879] Built Zeta23.ThmD.Sextuple.Macro.Chunks.Chunk1550 (19s)
✔ [10303/11879] Built Zeta23.ThmD.Sextuple.Macro.Chunks.Chunk1539 (7.1s)
✔ [10304/11879] Built Zeta23.ThmD.Sextuple.Macro.Chunks.Chunk1540 (7.1s)
✔ [10305/11879] Built Zeta23.ThmD.Sextuple.Macro.Chunks.Chunk1536 (6.8s)
✔ [10306/11879] Built Zeta23.ThmD.Sextuple.Macro.Chunks.Chunk1546 (16s)
✔ [10307/11879] Built Zeta23.ThmD.Sextuple.Macro.Chunks.Chunk1538 (9.7s)
✔ [10308/11879] Built Zeta23.ThmD.Sextuple.Macro.Chunks.Chunk1537 (9.0s)
✔ [10309/11879] Built Zeta23.ThmD.Sextuple.Macro.Chunks.Chunk1535 (10s)
✔ [10310/11879] Built Zeta23.ThmD.Sextuple.Macro.Chunks.Chunk1532 (6.3s)
✔ [10311/11879] Built Zeta23.ThmD.Sextuple.Macro.Chunks.Chunk1543 (19s)
✔ [10312/11879] Built Zeta23.ThmD.Sextuple.Macro.Chunks.Chunk1529 (6.1s)
✔ [10313/11879] Built Zeta23.ThmD.Sextuple.Macro.Chunks.Chunk1527 (5.5s)
✔ [10314/11879] Built Zeta23.ThmD.Sextuple.Macro.Chunks.Chunk1530 (9.3s)
✔ [10315/11879] Built Zeta23.ThmD.Sextuple.Macro.Chunks.Chunk1526 (5.9s)
✔ [10316/11879] Built Zeta23.ThmD.Sextuple.Macro.Chunks.Chunk1525 (6.0s)
✔ [10317/11879] Built Zeta23.ThmD.Sextuple.Macro.Chunks.Chunk1528 (9.9s)
✔ [10318/11879] Built Zeta23.ThmD.Sextuple.Macro.Chunks.Chunk1523 (6.1s)
✔ [10319/11879] Built Zeta23.ThmD.Sextuple.Macro.Chunks.Chunk1521 (6.0s)
✔ [10320/11879] Built Zeta23.ThmD.Sextuple.Macro.Chunks.Chunk1534 (21s)
✔ [10321/11879] Built Zeta23.ThmD.Sextuple.Macro.Chunks.Chunk1515 (4.4s)
✔ [10322/11879] Built Zeta23.ThmD.Sextuple.Macro.Chunks.Chunk1518 (13s)
✔ [10323/11879] Built Zeta23.ThmD.Sextuple.Macro.Chunks.Chunk1524 (20s)
✔ [10324/11879] Built Zeta23.ThmD.Sextuple.Macro.Chunks.Chunk1517 (15s)
✔ [10325/11879] Built Zeta23.ThmD.Sextuple.Macro.Chunks.Chunk1533 (30s)
✔ [10326/11879] Built Zeta23.ThmD.Sextuple.Macro.Chunks.Chunk1522 (21s)
✔ [10327/11879] Built Zeta23.ThmD.Sextuple.Macro.Chunks.Chunk1519 (18s)
✔ [10328/11879] Built Zeta23.ThmD.Sextuple.Macro.Chunks.Chunk1520 (19s)
✔ [10329/11879] Built Zeta23.ThmD.Sextuple.Macro.Chunks.Chunk1531 (31s)
✔ [10330/11879] Built Zeta23.ThmD.Sextuple.Macro.Chunks.Chunk1513 (5.5s)
✔ [10331/11879] Built Zeta23.ThmD.Sextuple.Macro.Chunks.Chunk1516 (17s)
✔ [10332/11879] Built Zeta23.ThmD.Sextuple.Macro.Chunks.Chunk1511 (6.1s)
✔ [10333/11879] Built Zeta23.ThmD.Sextuple.Macro.Chunks.Chunk1510 (6.1s)
✔ [10334/11879] Built Zeta23.ThmD.Sextuple.Macro.Chunks.Chunk1507 (7.0s)
✔ [10335/11879] Built Zeta23.ThmD.Sextuple.Macro.Chunks.Chunk1505 (7.0s)
✔ [10336/11879] Built Zeta23.ThmD.Sextuple.Macro.Chunks.Chunk1509 (7.2s)
✔ [10337/11879] Built Zeta23.ThmD.Sextuple.Macro.Chunks.Chunk1514 (17s)
✔ [10338/11879] Built Zeta23.ThmD.Sextuple.Macro.Chunks.Chunk1508 (9.5s)
✔ [10339/11879] Built Zeta23.ThmD.Sextuple.Macro.Chunks.Chunk1506 (10s)
✔ [10340/11879] Built Zeta23.ThmD.Sextuple.Macro.Chunks.Chunk1504 (9.5s)
✔ [10341/11879] Built Zeta23.ThmD.Sextuple.Macro.Chunks.Chunk1499 (5.8s)
✔ [10342/11879] Built Zeta23.ThmD.Sextuple.Macro.Chunks.Chunk1503 (9.3s)
✔ [10343/11879] Built Zeta23.ThmD.Sextuple.Macro.Chunks.Chunk1502 (7.2s)
✔ [10344/11879] Built Zeta23.ThmD.Sextuple.Macro.Chunks.Chunk1498 (5.3s)
✔ [10345/11879] Built Zeta23.ThmD.Sextuple.Macro.Chunks.Chunk1497 (4.0s)
✔ [10346/11879] Built Zeta23.ThmD.Sextuple.Macro.Chunks.Chunk1369 (11s)
✔ [10347/11879] Built Zeta23.ThmD.Sextuple.Macro.Chunks.Chunk1512 (19s)
✔ [10348/11879] Built Zeta23.ThmD.Sextuple.Macro.Chunks.Chunk1496 (4.5s)
✔ [10349/11879] Built Zeta23.ThmD.Sextuple.Macro.Chunks.Chunk1489 (6.6s)
✔ [10350/11879] Built Zeta23.ThmD.Sextuple.Macro.Chunks.Chunk1490 (6.8s)
✔ [10351/11879] Built Zeta23.ThmD.Sextuple.Macro.Chunks.Chunk1491 (6.8s)
✔ [10352/11879] Built Zeta23.ThmD.Sextuple.Macro.Chunks.Chunk1488 (6.1s)
✔ [10353/11879] Built Zeta23.ThmD.Sextuple.Macro.Chunks.Chunk1485 (6.6s)
✔ [10354/11879] Built Zeta23.ThmD.Sextuple.Macro.Chunks.Chunk1486 (6.6s)
✔ [10355/11879] Built Zeta23.ThmD.Sextuple.Macro.Chunks.Chunk1487 (6.5s)
✔ [10356/11879] Built Zeta23.ThmD.Sextuple.Macro.Chunks.Chunk1494 (17s)
✔ [10357/11879] Built Zeta23.ThmD.Sextuple.Macro.Chunks.Chunk1500 (24s)
✔ [10358/11879] Built Zeta23.ThmD.Sextuple.Macro.Chunks.Chunk1495 (20s)
✔ [10359/11879] Built Zeta23.ThmD.Sextuple.Macro.Chunks.Chunk1493 (20s)
✔ [10360/11879] Built Zeta23.ThmD.Sextuple.Macro.Chunks.Chunk1483 (7.4s)
✔ [10361/11879] Built Zeta23.ThmD.Sextuple.Macro.Chunks.Chunk1501 (28s)
✔ [10362/11879] Built Zeta23.ThmD.Sextuple.Macro.Chunks.Chunk1492 (24s)
✔ [10363/11879] Built Zeta23.ThmD.Sextuple.Macro.Chunks.Chunk1481 (12s)
✔ [10364/11879] Built Zeta23.ThmD.Sextuple.Macro.Chunks.Chunk1478 (7.2s)
✔ [10365/11879] Built Zeta23.ThmD.Sextuple.Macro.Chunks.Chunk1484 (19s)
✔ [10366/11879] Built Zeta23.ThmD.Sextuple.Macro.Chunks.Chunk1482 (15s)
✔ [10367/11879] Built Zeta23.ThmD.Sextuple.Macro.Chunks.Chunk1479 (13s)
✔ [10368/11879] Built Zeta23.ThmD.Sextuple.Macro.Chunks.Chunk1473 (8.5s)
✔ [10369/11879] Built Zeta23.ThmD.Sextuple.Macro.Chunks.Chunk1477 (16s)
✔ [10370/11879] Built Zeta23.ThmD.Sextuple.Macro.Chunks.Chunk1475 (16s)
✔ [10371/11879] Built Zeta23.ThmD.Sextuple.Macro.Chunks.Chunk1471 (15s)
✔ [10372/11879] Built Zeta23.ThmD.Sextuple.Macro.Chunks.Chunk1480 (29s)
✔ [10373/11879] Built Zeta23.ThmD.Sextuple.Macro.Chunks.Chunk1469 (19s)
✔ [10374/11879] Built Zeta23.ThmD.Sextuple.Macro.Chunks.Chunk1476 (29s)
✔ [10375/11879] Built Zeta23.ThmD.Sextuple.Macro.Chunks.Chunk1472 (26s)
✔ [10376/11879] Built Zeta23.ThmD.Sextuple.Macro.Chunks.Chunk1467 (16s)
✔ [10377/11879] Built Zeta23.ThmD.Sextuple.Macro.Chunks.Chunk1468 (18s)
✔ [10378/11879] Built Zeta23.ThmD.Sextuple.Macro.Chunks.Chunk1474 (31s)
✔ [10379/11879] Built Zeta23.ThmD.Sextuple.Macro.Chunks.Chunk1470 (27s)
✔ [10380/11879] Built Zeta23.ThmD.Sextuple.Macro.Chunks.Chunk1466 (22s)
✔ [10381/11879] Built Zeta23.ThmD.Sextuple.Macro.Chunks.Chunk1465 (17s)
✔ [10382/11879] Built Zeta23.ThmD.Sextuple.Macro.Chunks.Chunk1457 (4.7s)
✔ [10383/11879] Built Zeta23.ThmD.Sextuple.Macro.Chunks.Chunk1455 (5.3s)
✔ [10384/11879] Built Zeta23.ThmD.Sextuple.Macro.Chunks.Chunk1456 (5.4s)
✔ [10385/11879] Built Zeta23.ThmD.Sextuple.Macro.Chunks.Chunk1454 (4.9s)
✔ [10386/11879] Built Zeta23.ThmD.Sextuple.Macro.Chunks.Chunk1464 (23s)
✔ [10387/11879] Built Zeta23.ThmD.Sextuple.Macro.Chunks.Chunk1460 (18s)
✔ [10388/11879] Built Zeta23.ThmD.Sextuple.Macro.Chunks.Chunk1451 (5.2s)
✔ [10389/11879] Built Zeta23.ThmD.Sextuple.Macro.Chunks.Chunk1458 (16s)
✔ [10390/11879] Built Zeta23.ThmD.Sextuple.Macro.Chunks.Chunk1450 (7.2s)
✔ [10391/11879] Built Zeta23.ThmD.Sextuple.Macro.Chunks.Chunk1463 (28s)
✔ [10392/11879] Built Zeta23.ThmD.Sextuple.Macro.Chunks.Chunk1459 (24s)
✔ [10393/11879] Built Zeta23.ThmD.Sextuple.Macro.Chunks.Chunk1453 (14s)
✔ [10394/11879] Built Zeta23.ThmD.Sextuple.Macro.Chunks.Chunk1462 (28s)
✔ [10395/11879] Built Zeta23.ThmD.Sextuple.Macro.Chunks.Chunk1449 (7.8s)
✔ [10396/11879] Built Zeta23.ThmD.Sextuple.Macro.Chunks.Chunk1461 (28s)
✔ [10397/11879] Built Zeta23.ThmD.Sextuple.Macro.Chunks.Chunk1444 (6.1s)
✔ [10398/11879] Built Zeta23.ThmD.Sextuple.Macro.Chunks.Chunk1443 (6.6s)
✔ [10399/11879] Built Zeta23.ThmD.Sextuple.Macro.Chunks.Chunk1441 (6.6s)
✔ [10400/11879] Built Zeta23.ThmD.Sextuple.Macro.Chunks.Chunk1442 (6.6s)
✔ [10401/11879] Built Zeta23.ThmD.Sextuple.Macro.Chunks.Chunk1452 (25s)
✔ [10402/11879] Built Zeta23.ThmD.Sextuple.Macro.Chunks.Chunk1446 (14s)
✔ [10403/11879] Built Zeta23.ThmD.Sextuple.Macro.Chunks.Chunk1439 (6.4s)
✔ [10404/11879] Built Zeta23.ThmD.Sextuple.Macro.Chunks.Chunk1440 (11s)
✔ [10405/11879] Built Zeta23.ThmD.Sextuple.Macro.Chunks.Chunk1438 (11s)
✔ [10406/11879] Built Zeta23.ThmD.Sextuple.Macro.Chunks.Chunk1434 (8.2s)
✔ [10407/11879] Built Zeta23.ThmD.Sextuple.Macro.Chunks.Chunk1448 (29s)
✔ [10408/11879] Built Zeta23.ThmD.Sextuple.Macro.Chunks.Chunk1447 (29s)
✔ [10409/11879] Built Zeta23.ThmD.Sextuple.Macro.Chunks.Chunk1435 (11s)
✔ [10410/11879] Built Zeta23.ThmD.Sextuple.Macro.Chunks.Chunk1437 (16s)
✔ [10411/11879] Built Zeta23.ThmD.Sextuple.Macro.Chunks.Chunk1445 (24s)
✔ [10412/11879] Built Zeta23.ThmD.Sextuple.Macro.Chunks.Chunk1428 (6.0s)
✔ [10413/11879] Built Zeta23.ThmD.Sextuple.Macro.Chunks.Chunk1426 (6.0s)
✔ [10414/11879] Built Zeta23.ThmD.Sextuple.Macro.Chunks.Chunk1425 (5.5s)
✔ [10415/11879] Built Zeta23.ThmD.Sextuple.Macro.Chunks.Chunk1436 (26s)
✔ [10416/11879] Built Zeta23.ThmD.Sextuple.Macro.Chunks.Chunk1429 (11s)
✔ [10417/11879] Built Zeta23.ThmD.Sextuple.Macro.Chunks.Chunk1423 (5.7s)
✔ [10418/11879] Built Zeta23.ThmD.Sextuple.Macro.Chunks.Chunk1420 (5.2s)
✔ [10419/11879] Built Zeta23.ThmD.Sextuple.Macro.Chunks.Chunk1433 (27s)
✔ [10420/11879] Built Zeta23.ThmD.Sextuple.Macro.Chunks.Chunk1432 (25s)
✔ [10421/11879] Built Zeta23.ThmD.Sextuple.Macro.Chunks.Chunk1430 (22s)
✔ [10422/11879] Built Zeta23.ThmD.Sextuple.Macro.Chunks.Chunk1417 (5.5s)
✔ [10423/11879] Built Zeta23.ThmD.Sextuple.Macro.Chunks.Chunk1424 (17s)
✔ [10424/11879] Built Zeta23.ThmD.Sextuple.Macro.Chunks.Chunk1431 (27s)
✔ [10425/11879] Built Zeta23.ThmD.Sextuple.Macro.Chunks.Chunk1396 (4.8s)
✔ [10426/11879] Built Zeta23.ThmD.Sextuple.Macro.Chunks.Chunk1422 (18s)
✔ [10427/11879] Built Zeta23.ThmD.Sextuple.Macro.Chunks.Chunk1427 (24s)
✔ [10428/11879] Built Zeta23.ThmD.Sextuple.Macro.Chunks.Chunk1419 (14s)
✔ [10429/11879] Built Zeta23.ThmD.Sextuple.Macro.Chunks.Chunk1377 (5.2s)
✔ [10430/11879] Built Zeta23.ThmD.Sextuple.Macro.Chunks.Chunk1376 (5.0s)
✔ [10431/11879] Built Zeta23.ThmD.Sextuple.Macro.Chunks.Chunk1374 (6.2s)
✔ [10432/11879] Built Zeta23.ThmD.Sextuple.Macro.Chunks.Chunk1375 (6.3s)
✔ [10433/11879] Built Zeta23.ThmD.Sextuple.Macro.Chunks.Chunk1372 (6.5s)
✔ [10434/11879] Built Zeta23.ThmD.Sextuple.Macro.Chunks.Chunk1373 (6.5s)
✔ [10435/11879] Built Zeta23.ThmD.Sextuple.Macro.Chunks.Chunk1370 (5.4s)
✔ [10436/11879] Built Zeta23.ThmD.Sextuple.Macro.Chunks.Chunk1418 (17s)
✔ [10437/11879] Built Zeta23.ThmD.Sextuple.Macro.Chunks.Chunk1416 (5.3s)
✔ [10438/11879] Built Zeta23.ThmD.Sextuple.Macro.Chunks.Chunk1421 (25s)
✔ [10439/11879] Built Zeta23.ThmD.Sextuple.Macro.Chunks.Chunk1397 (20s)
✔ [10440/11879] Built Zeta23.ThmD.Sextuple.Macro.Chunks.Chunk1371 (11s)
✔ [10441/11879] Built Zeta23.ThmD.Sextuple.Macro.Chunks.Chunk1410 (5.5s)
✔ [10442/11879] Built Zeta23.ThmD.Sextuple.Macro.Chunks.Chunk1409 (5.1s)
✔ [10443/11879] Built Zeta23.ThmD.Sextuple.Macro.Chunks.Chunk1408 (4.7s)
✔ [10444/11879] Built Zeta23.ThmD.Sextuple.Macro.Chunks.Chunk1405 (5.5s)
✔ [10445/11879] Built Zeta23.ThmD.Sextuple.Macro.Chunks.Chunk1404 (5.3s)
✔ [10446/11879] Built Zeta23.ThmD.Sextuple.Macro.Chunks.Chunk1403 (4.7s)
✔ [10447/11879] Built Zeta23.ThmD.Sextuple.Macro.Chunks.Chunk1414 (17s)
✔ [10448/11879] Built Zeta23.ThmD.Sextuple.Macro.Chunks.Chunk1412 (16s)
✔ [10449/11879] Built Zeta23.ThmD.Sextuple.Macro.Chunks.Chunk1413 (19s)
✔ [10450/11879] Built Zeta23.ThmD.Sextuple.Macro.Chunks.Chunk1400 (4.8s)
✔ [10451/11879] Built Zeta23.ThmD.Sextuple.Macro.Chunks.Chunk1407 (14s)
✔ [10452/11879] Built Zeta23.ThmD.Sextuple.Macro.Chunks.Chunk1399 (4.0s)
✔ [10453/11879] Built Zeta23.ThmD.Sextuple.Macro.Chunks.Chunk1398 (5.9s)
✔ [10454/11879] Built Zeta23.ThmD.Sextuple.Macro.Chunks.Chunk1394 (5.3s)
✔ [10455/11879] Built Zeta23.ThmD.Sextuple.Macro.Chunks.Chunk1395 (5.3s)
✔ [10456/11879] Built Zeta23.ThmD.Sextuple.Macro.Chunks.Chunk1415 (25s)
✔ [10457/11879] Built Zeta23.ThmD.Sextuple.Macro.Chunks.Chunk1402 (13s)
✔ [10458/11879] Built Zeta23.ThmD.Sextuple.Macro.Chunks.Chunk1411 (28s)
✔ [10459/11879] Built Zeta23.ThmD.Sextuple.Macro.Chunks.Chunk1387 (4.6s)
✔ [10460/11879] Built Zeta23.ThmD.Sextuple.Macro.Chunks.Chunk1406 (25s)
✔ [10461/11879] Built Zeta23.ThmD.Sextuple.Macro.Chunks.Chunk1401 (20s)
✔ [10462/11879] Built Zeta23.ThmD.Sextuple.Macro.Chunks.Chunk1386 (4.5s)
✔ [10463/11879] Built Zeta23.ThmD.Sextuple.Macro.Chunks.Chunk1385 (4.8s)
✔ [10464/11879] Built Zeta23.ThmD.Sextuple.Macro.Chunks.Chunk1391 (13s)
✔ [10465/11879] Built Zeta23.ThmD.Sextuple.Macro.Chunks.Chunk1382 (4.9s)
✔ [10466/11879] Built Zeta23.ThmD.Sextuple.Macro.Chunks.Chunk1390 (17s)
✔ [10467/11879] Built Zeta23.ThmD.Sextuple.Macro.Chunks.Chunk1388 (18s)
✔ [10468/11879] Built Zeta23.ThmD.Sextuple.Macro.Chunks.Chunk1378 (4.4s)
✔ [10469/11879] Built Zeta23.ThmD.Sextuple.Macro.Chunks.Chunk1384 (15s)
✔ [10470/11879] Built Zeta23.ThmD.Sextuple.Macro.Chunks.Chunk1389 (24s)
✔ [10471/11879] Built Zeta23.ThmD.Sextuple.Macro.Chunks.Chunk1392 (27s)
✔ [10472/11879] Built Zeta23.ThmD.Sextuple.Macro.Chunks.Chunk1393 (28s)
✔ [10473/11879] Built Zeta23.ThmD.Sextuple.Macro.Chunks.Chunk1365 (5.4s)
✔ [10474/11879] Built Zeta23.ThmD.Sextuple.Macro.Chunks.Chunk1364 (5.3s)
✔ [10475/11879] Built Zeta23.ThmD.Sextuple.Macro.Chunks.Chunk1368 (13s)
✔ [10476/11879] Built Zeta23.ThmD.Sextuple.Macro.Chunks.Chunk1383 (22s)
✔ [10477/11879] Built Zeta23.ThmD.Sextuple.Macro.Chunks.Chunk1380 (22s)
✔ [10478/11879] Built Zeta23.ThmD.Sextuple.Macro.Chunks.Chunk1381 (24s)
✔ [10479/11879] Built Zeta23.ThmD.Sextuple.Macro.Chunks.Chunk1379 (22s)
✔ [10480/11879] Built Zeta23.ThmD.Sextuple.Macro.Chunks.Chunk1361 (9.2s)
✔ [10481/11879] Built Zeta23.ThmD.Sextuple.Macro.Chunks.Chunk1363 (13s)
✔ [10482/11879] Built Zeta23.ThmD.Sextuple.Macro.Chunks.Chunk1362 (9.8s)
✔ [10483/11879] Built Zeta23.ThmD.Sextuple.Macro.Chunks.Chunk1366 (17s)
✔ [10484/11879] Built Zeta23.ThmD.Sextuple.Macro.Chunks.Chunk1367 (19s)
✔ [10485/11879] Built Zeta23.ThmD.Sextuple.Macro.Chunks.Chunk1356 (4.4s)
✔ [10486/11879] Built Zeta23.ThmD.Sextuple.Macro.Chunks.Chunk1355 (5.7s)
✔ [10487/11879] Built Zeta23.ThmD.Sextuple.Macro.Chunks.Chunk1353 (7.2s)
✔ [10488/11879] Built Zeta23.ThmD.Sextuple.Macro.Chunks.Chunk1351 (5.7s)
✔ [10489/11879] Built Zeta23.ThmD.Sextuple.Macro.Chunks.Chunk1350 (5.2s)
✔ [10490/11879] Built Zeta23.ThmD.Sextuple.Macro.Chunks.Chunk1352 (7.8s)
✔ [10491/11879] Built Zeta23.ThmD.Sextuple.Macro.Chunks.Chunk1358 (16s)
✔ [10492/11879] Built Zeta23.ThmD.Sextuple.Macro.Chunks.Chunk1347 (5.2s)
✔ [10493/11879] Built Zeta23.ThmD.Sextuple.Macro.Chunks.Chunk1346 (5.3s)
✔ [10494/11879] Built Zeta23.ThmD.Sextuple.Macro.Chunks.Chunk1360 (20s)
✔ [10495/11879] Built Zeta23.ThmD.Sextuple.Macro.Chunks.Chunk1357 (16s)
✔ [10496/11879] Built Zeta23.ThmD.Sextuple.Macro.Chunks.Chunk1345 (4.8s)
✔ [10497/11879] Built Zeta23.ThmD.Sextuple.Macro.Chunks.Chunk1344 (5.5s)
✔ [10498/11879] Built Zeta23.ThmD.Sextuple.Macro.Chunks.Chunk1341 (5.9s)
✔ [10499/11879] Built Zeta23.ThmD.Sextuple.Macro.Chunks.Chunk1342 (5.9s)
✔ [10500/11879] Built Zeta23.ThmD.Sextuple.Macro.Chunks.Chunk1349 (13s)
✔ [10501/11879] Built Zeta23.ThmD.Sextuple.Macro.Chunks.Chunk1343 (7.4s)
✔ [10502/11879] Built Zeta23.ThmD.Sextuple.Macro.Chunks.Chunk1340 (8.4s)
✔ [10503/11879] Built Zeta23.ThmD.Sextuple.Macro.Chunks.Chunk1359 (29s)
✔ [10504/11879] Built Zeta23.ThmD.Sextuple.Macro.Chunks.Chunk1348 (15s)
✔ [10505/11879] Built Zeta23.ThmD.Sextuple.Macro.Chunks.Chunk1339 (10s)
✔ [10506/11879] Built Zeta23.ThmD.Sextuple.Macro.Chunks.Chunk1336 (5.8s)
✔ [10507/11879] Built Zeta23.ThmD.Sextuple.Macro.Chunks.Chunk1337 (5.8s)
✔ [10508/11879] Built Zeta23.ThmD.Sextuple.Macro.Chunks.Chunk1354 (27s)
✔ [10509/11879] Built Zeta23.ThmD.Sextuple.Macro.Chunks.Chunk1331 (5.5s)
✔ [10510/11879] Built Zeta23.ThmD.Sextuple.Macro.Chunks.Chunk1330 (5.5s)
✔ [10511/11879] Built Zeta23.ThmD.Sextuple.Macro.Chunks.Chunk1328 (5.4s)
✔ [10512/11879] Built Zeta23.ThmD.Sextuple.Macro.Chunks.Chunk1329 (5.5s)
✔ [10513/11879] Built Zeta23.ThmD.Sextuple.Macro.Chunks.Chunk1327 (4.0s)
✔ [10514/11879] Built Zeta23.ThmD.Sextuple.Macro.Chunks.Chunk1332 (10s)
✔ [10515/11879] Built Zeta23.ThmD.Sextuple.Macro.Chunks.Chunk1323 (6.2s)
✔ [10516/11879] Built Zeta23.ThmD.Sextuple.Macro.Chunks.Chunk1324 (6.5s)
✔ [10517/11879] Built Zeta23.ThmD.Sextuple.Macro.Chunks.Chunk1334 (16s)
✔ [10518/11879] Built Zeta23.ThmD.Sextuple.Macro.Chunks.Chunk1338 (21s)
✔ [10519/11879] Built Zeta23.ThmD.Sextuple.Macro.Chunks.Chunk1280 (4.7s)
✔ [10520/11879] Built Zeta23.ThmD.Sextuple.Macro.Chunks.Chunk1319 (7.1s)
✔ [10521/11879] Built Zeta23.ThmD.Sextuple.Macro.Chunks.Chunk1335 (26s)
✔ [10522/11879] Built Zeta23.ThmD.Sextuple.Macro.Chunks.Chunk1326 (18s)
✔ [10523/11879] Built Zeta23.ThmD.Sextuple.Macro.Chunks.Chunk1333 (24s)
✔ [10524/11879] Built Zeta23.ThmD.Sextuple.Macro.Chunks.Chunk1325 (17s)
✔ [10525/11879] Built Zeta23.ThmD.Sextuple.Macro.Chunks.Chunk1321 (14s)
✔ [10526/11879] Built Zeta23.ThmD.Sextuple.Macro.Chunks.Chunk1254 (5.4s)
✔ [10527/11879] Built Zeta23.ThmD.Sextuple.Macro.Chunks.Chunk1253 (4.4s)
✔ [10528/11879] Built Zeta23.ThmD.Sextuple.Macro.Chunks.Chunk1322 (15s)
✔ [10529/11879] Built Zeta23.ThmD.Sextuple.Macro.Chunks.Chunk1252 (5.5s)
✔ [10530/11879] Built Zeta23.ThmD.Sextuple.Macro.Chunks.Chunk1251 (5.9s)
✔ [10531/11879] Built Zeta23.ThmD.Sextuple.Macro.Chunks.Chunk1250 (6.2s)
✔ [10532/11879] Built Zeta23.ThmD.Sextuple.Macro.Chunks.Chunk1247 (5.0s)
✔ [10533/11879] Built Zeta23.ThmD.Sextuple.Macro.Chunks.Chunk1248 (6.3s)
✔ [10534/11879] Built Zeta23.ThmD.Sextuple.Macro.Chunks.Chunk1249 (10s)
✔ [10535/11879] Built Zeta23.ThmD.Sextuple.Macro.Chunks.Chunk1314 (5.2s)
✔ [10536/11879] Built Zeta23.ThmD.Sextuple.Macro.Chunks.Chunk1320 (22s)
✔ [10537/11879] Built Zeta23.ThmD.Sextuple.Macro.Chunks.Chunk1246 (11s)
✔ [10538/11879] Built Zeta23.ThmD.Sextuple.Macro.Chunks.Chunk1316 (10s)
✔ [10539/11879] Built Zeta23.ThmD.Sextuple.Macro.Chunks.Chunk1318 (25s)
✔ [10540/11879] Built Zeta23.ThmD.Sextuple.Macro.Chunks.Chunk1310 (5.2s)
✔ [10541/11879] Built Zeta23.ThmD.Sextuple.Macro.Chunks.Chunk1309 (5.3s)
✔ [10542/11879] Built Zeta23.ThmD.Sextuple.Macro.Chunks.Chunk1308 (4.8s)
✔ [10543/11879] Built Zeta23.ThmD.Sextuple.Macro.Chunks.Chunk1312 (10s)
✔ [10544/11879] Built Zeta23.ThmD.Sextuple.Macro.Chunks.Chunk1313 (10s)
✔ [10545/11879] Built Zeta23.ThmD.Sextuple.Macro.Chunks.Chunk1305 (7.1s)
✔ [10546/11879] Built Zeta23.ThmD.Sextuple.Macro.Chunks.Chunk1306 (8.2s)
✔ [10547/11879] Built Zeta23.ThmD.Sextuple.Macro.Chunks.Chunk1302 (6.0s)
✔ [10548/11879] Built Zeta23.ThmD.Sextuple.Macro.Chunks.Chunk1317 (25s)
✔ [10549/11879] Built Zeta23.ThmD.Sextuple.Macro.Chunks.Chunk1303 (10s)
✔ [10550/11879] Built Zeta23.ThmD.Sextuple.Macro.Chunks.Chunk1315 (23s)
✔ [10551/11879] Built Zeta23.ThmD.Sextuple.Macro.Chunks.Chunk1298 (5.6s)
✔ [10552/11879] Built Zeta23.ThmD.Sextuple.Macro.Chunks.Chunk1296 (5.7s)
✔ [10553/11879] Built Zeta23.ThmD.Sextuple.Macro.Chunks.Chunk1295 (5.6s)
✔ [10554/11879] Built Zeta23.ThmD.Sextuple.Macro.Chunks.Chunk1307 (19s)
✔ [10555/11879] Built Zeta23.ThmD.Sextuple.Macro.Chunks.Chunk1299 (11s)
✔ [10556/11879] Built Zeta23.ThmD.Sextuple.Macro.Chunks.Chunk1311 (29s)
✔ [10557/11879] Built Zeta23.ThmD.Sextuple.Macro.Chunks.Chunk1294 (14s)
✔ [10558/11879] Built Zeta23.ThmD.Sextuple.Macro.Chunks.Chunk1289 (4.5s)
✔ [10559/11879] Built Zeta23.ThmD.Sextuple.Macro.Chunks.Chunk1292 (10s)
✔ [10560/11879] Built Zeta23.ThmD.Sextuple.Macro.Chunks.Chunk1301 (26s)
✔ [10561/11879] Built Zeta23.ThmD.Sextuple.Macro.Chunks.Chunk1293 (11s)
✔ [10562/11879] Built Zeta23.ThmD.Sextuple.Macro.Chunks.Chunk1304 (28s)
✔ [10563/11879] Built Zeta23.ThmD.Sextuple.Macro.Chunks.Chunk1300 (22s)
✔ [10564/11879] Built Zeta23.ThmD.Sextuple.Macro.Chunks.Chunk1297 (21s)
✔ [10565/11879] Built Zeta23.ThmD.Sextuple.Macro.Chunks.Chunk1286 (6.7s)
✔ [10566/11879] Built Zeta23.ThmD.Sextuple.Macro.Chunks.Chunk1287 (6.7s)
✔ [10567/11879] Built Zeta23.ThmD.Sextuple.Macro.Chunks.Chunk1291 (17s)
✔ [10568/11879] Built Zeta23.ThmD.Sextuple.Macro.Chunks.Chunk1283 (6.5s)
✔ [10569/11879] Built Zeta23.ThmD.Sextuple.Macro.Chunks.Chunk1282 (6.2s)
✔ [10570/11879] Built Zeta23.ThmD.Sextuple.Macro.Chunks.Chunk1285 (11s)
✔ [10571/11879] Built Zeta23.ThmD.Sextuple.Macro.Chunks.Chunk1290 (21s)
✔ [10572/11879] Built Zeta23.ThmD.Sextuple.Macro.Chunks.Chunk1279 (6.3s)
✔ [10573/11879] Built Zeta23.ThmD.Sextuple.Macro.Chunks.Chunk1278 (6.4s)
✔ [10574/11879] Built Zeta23.ThmD.Sextuple.Macro.Chunks.Chunk1281 (9.0s)
✔ [10575/11879] Built Zeta23.ThmD.Sextuple.Macro.Chunks.Chunk1273 (5.8s)
✔ [10576/11879] Built Zeta23.ThmD.Sextuple.Macro.Chunks.Chunk1271 (5.8s)
✔ [10577/11879] Built Zeta23.ThmD.Sextuple.Macro.Chunks.Chunk1270 (5.3s)
✔ [10578/11879] Built Zeta23.ThmD.Sextuple.Macro.Chunks.Chunk1288 (20s)
✔ [10579/11879] Built Zeta23.ThmD.Sextuple.Macro.Chunks.Chunk1276 (15s)
✔ [10580/11879] Built Zeta23.ThmD.Sextuple.Macro.Chunks.Chunk1267 (5.3s)
✔ [10581/11879] Built Zeta23.ThmD.Sextuple.Macro.Chunks.Chunk1277 (18s)
✔ [10582/11879] Built Zeta23.ThmD.Sextuple.Macro.Chunks.Chunk1265 (4.1s)
✔ [10583/11879] Built Zeta23.ThmD.Sextuple.Macro.Chunks.Chunk1275 (19s)
✔ [10584/11879] Built Zeta23.ThmD.Sextuple.Macro.Chunks.Chunk1284 (26s)
✔ [10585/11879] Built Zeta23.ThmD.Sextuple.Macro.Chunks.Chunk1264 (4.3s)
✔ [10586/11879] Built Zeta23.ThmD.Sextuple.Macro.Chunks.Chunk1268 (10s)
✔ [10587/11879] Built Zeta23.ThmD.Sextuple.Macro.Chunks.Chunk1263 (5.3s)
✔ [10588/11879] Built Zeta23.ThmD.Sextuple.Macro.Chunks.Chunk1259 (5.8s)
✔ [10589/11879] Built Zeta23.ThmD.Sextuple.Macro.Chunks.Chunk1272 (22s)
✔ [10590/11879] Built Zeta23.ThmD.Sextuple.Macro.Chunks.Chunk1274 (23s)
✔ [10591/11879] Built Zeta23.ThmD.Sextuple.Macro.Chunks.Chunk1266 (17s)
✔ [10592/11879] Built Zeta23.ThmD.Sextuple.Macro.Chunks.Chunk1262 (11s)
✔ [10593/11879] Built Zeta23.ThmD.Sextuple.Macro.Chunks.Chunk1256 (4.8s)
✔ [10594/11879] Built Zeta23.ThmD.Sextuple.Macro.Chunks.Chunk1260 (12s)
✔ [10595/11879] Built Zeta23.ThmD.Sextuple.Macro.Chunks.Chunk1243 (4.5s)
✔ [10596/11879] Built Zeta23.ThmD.Sextuple.Macro.Chunks.Chunk1269 (25s)
✔ [10597/11879] Built Zeta23.ThmD.Sextuple.Macro.Chunks.Chunk1258 (15s)
✔ [10598/11879] Built Zeta23.ThmD.Sextuple.Macro.Chunks.Chunk1245 (8.6s)
✔ [10599/11879] Built Zeta23.ThmD.Sextuple.Macro.Chunks.Chunk1242 (4.8s)
✔ [10600/11879] Built Zeta23.ThmD.Sextuple.Macro.Chunks.Chunk1241 (4.5s)
✔ [10601/11879] Built Zeta23.ThmD.Sextuple.Macro.Chunks.Chunk1257 (17s)
✔ [10602/11879] Built Zeta23.ThmD.Sextuple.Macro.Chunks.Chunk1237 (5.9s)
✔ [10603/11879] Built Zeta23.ThmD.Sextuple.Macro.Chunks.Chunk1236 (5.9s)
✔ [10604/11879] Built Zeta23.ThmD.Sextuple.Macro.Chunks.Chunk1235 (5.7s)
✔ [10605/11879] Built Zeta23.ThmD.Sextuple.Macro.Chunks.Chunk1261 (26s)
✔ [10606/11879] Built Zeta23.ThmD.Sextuple.Macro.Chunks.Chunk1234 (4.0s)
✔ [10607/11879] Built Zeta23.ThmD.Sextuple.Macro.Chunks.Chunk1255 (20s)
✔ [10608/11879] Built Zeta23.ThmD.Sextuple.Macro.Chunks.Chunk1244 (19s)
✔ [10609/11879] Built Zeta23.ThmD.Sextuple.Macro.Chunks.Chunk1232 (7.1s)
✔ [10610/11879] Built Zeta23.ThmD.Sextuple.Macro.Chunks.Chunk1230 (7.4s)
✔ [10611/11879] Built Zeta23.ThmD.Sextuple.Macro.Chunks.Chunk1233 (16s)
✔ [10612/11879] Built Zeta23.ThmD.Sextuple.Macro.Chunks.Chunk1231 (16s)
✔ [10613/11879] Built Zeta23.ThmD.Sextuple.Macro.Chunks.Chunk1238 (23s)
✔ [10614/11879] Built Zeta23.ThmD.Sextuple.Macro.Chunks.Chunk1229 (14s)
✔ [10615/11879] Built Zeta23.ThmD.Sextuple.Macro.Chunks.Chunk1239 (25s)
✔ [10616/11879] Built Zeta23.ThmD.Sextuple.Macro.Chunks.Chunk1240 (26s)
✔ [10617/11879] Built Zeta23.ThmD.Sextuple.Macro.Chunks.Chunk1226 (14s)
✔ [10618/11879] Built Zeta23.ThmD.Sextuple.Macro.Chunks.Chunk1223 (5.6s)
✔ [10619/11879] Built Zeta23.ThmD.Sextuple.Macro.Chunks.Chunk1220 (5.7s)
✔ [10620/11879] Built Zeta23.ThmD.Sextuple.Macro.Chunks.Chunk1219 (5.3s)
✔ [10621/11879] Built Zeta23.ThmD.Sextuple.Macro.Chunks.Chunk1224 (9.8s)
✔ [10622/11879] Built Zeta23.ThmD.Sextuple.Macro.Chunks.Chunk1218 (4.8s)
✔ [10623/11879] Built Zeta23.ThmD.Sextuple.Macro.Chunks.Chunk1210 (4.0s)
✔ [10624/11879] Built Zeta23.ThmD.Sextuple.Macro.Chunks.Chunk1222 (9.8s)
✔ [10625/11879] Built Zeta23.ThmD.Sextuple.Macro.Chunks.Chunk1227 (21s)
✔ [10626/11879] Built Zeta23.ThmD.Sextuple.Macro.Chunks.Chunk1208 (4.9s)
✔ [10627/11879] Built Zeta23.ThmD.Sextuple.Macro.Chunks.Chunk1172 (6.0s)
✔ [10628/11879] Built Zeta23.ThmD.Sextuple.Macro.Chunks.Chunk1171 (5.6s)
✔ [10629/11879] Built Zeta23.ThmD.Sextuple.Macro.Chunks.Chunk1169 (5.8s)
✔ [10630/11879] Built Zeta23.ThmD.Sextuple.Macro.Chunks.Chunk1170 (5.9s)
✔ [10631/11879] Built Zeta23.ThmD.Sextuple.Macro.Chunks.Chunk1228 (28s)
✔ [10632/11879] Built Zeta23.ThmD.Sextuple.Macro.Chunks.Chunk1167 (4.7s)
✔ [10633/11879] Built Zeta23.ThmD.Sextuple.Macro.Chunks.Chunk1166 (4.8s)
✔ [10634/11879] Built Zeta23.ThmD.Sextuple.Macro.Chunks.Chunk1165 (5.6s)
✔ [10635/11879] Built Zeta23.ThmD.Sextuple.Macro.Chunks.Chunk1168 (9.9s)
✔ [10636/11879] Built Zeta23.ThmD.Sextuple.Macro.Chunks.Chunk1225 (27s)
✔ [10637/11879] Built Zeta23.ThmD.Sextuple.Macro.Chunks.Chunk1215 (7.5s)
✔ [10638/11879] Built Zeta23.ThmD.Sextuple.Macro.Chunks.Chunk1217 (8.8s)
✔ [10639/11879] Built Zeta23.ThmD.Sextuple.Macro.Chunks.Chunk1164 (10s)
✔ [10640/11879] Built Zeta23.ThmD.Sextuple.Macro.Chunks.Chunk1209 (19s)
✔ [10641/11879] Built Zeta23.ThmD.Sextuple.Macro.Chunks.Chunk1221 (27s)
✔ [10642/11879] Built Zeta23.ThmD.Sextuple.Macro.Chunks.Chunk1206 (4.9s)
✔ [10643/11879] Built Zeta23.ThmD.Sextuple.Macro.Chunks.Chunk1207 (5.1s)
✔ [10644/11879] Built Zeta23.ThmD.Sextuple.Macro.Chunks.Chunk1211 (9.6s)
✔ [10645/11879] Built Zeta23.ThmD.Sextuple.Macro.Chunks.Chunk1216 (17s)
✔ [10646/11879] Built Zeta23.ThmD.Sextuple.Macro.Chunks.Chunk1201 (5.7s)
✔ [10647/11879] Built Zeta23.ThmD.Sextuple.Macro.Chunks.Chunk1200 (5.1s)
✔ [10648/11879] Built Zeta23.ThmD.Sextuple.Macro.Chunks.Chunk1204 (10s)
✔ [10649/11879] Built Zeta23.ThmD.Sextuple.Macro.Chunks.Chunk1213 (16s)
✔ [10650/11879] Built Zeta23.ThmD.Sextuple.Macro.Chunks.Chunk1205 (11s)
✔ [10651/11879] Built Zeta23.ThmD.Sextuple.Macro.Chunks.Chunk1199 (4.3s)
✔ [10652/11879] Built Zeta23.ThmD.Sextuple.Macro.Chunks.Chunk1195 (5.8s)
✔ [10653/11879] Built Zeta23.ThmD.Sextuple.Macro.Chunks.Chunk1196 (6.0s)
✔ [10654/11879] Built Zeta23.ThmD.Sextuple.Macro.Chunks.Chunk1194 (5.8s)
✔ [10655/11879] Built Zeta23.ThmD.Sextuple.Macro.Chunks.Chunk1193 (5.4s)
✔ [10656/11879] Built Zeta23.ThmD.Sextuple.Macro.Chunks.Chunk1212 (23s)
✔ [10657/11879] Built Zeta23.ThmD.Sextuple.Macro.Chunks.Chunk1197 (9.9s)
✔ [10658/11879] Built Zeta23.ThmD.Sextuple.Macro.Chunks.Chunk1214 (27s)
✔ [10659/11879] Built Zeta23.ThmD.Sextuple.Macro.Chunks.Chunk1202 (17s)
✔ [10660/11879] Built Zeta23.ThmD.Sextuple.Macro.Chunks.Chunk1189 (5.4s)
✔ [10661/11879] Built Zeta23.ThmD.Sextuple.Macro.Chunks.Chunk1187 (5.2s)
✔ [10662/11879] Built Zeta23.ThmD.Sextuple.Macro.Chunks.Chunk1185 (4.9s)
✔ [10663/11879] Built Zeta23.ThmD.Sextuple.Macro.Chunks.Chunk1184 (4.2s)
✔ [10664/11879] Built Zeta23.ThmD.Sextuple.Macro.Chunks.Chunk1192 (10s)
✔ [10665/11879] Built Zeta23.ThmD.Sextuple.Macro.Chunks.Chunk1203 (25s)
✔ [10666/11879] Built Zeta23.ThmD.Sextuple.Macro.Chunks.Chunk1190 (11s)
✔ [10667/11879] Built Zeta23.ThmD.Sextuple.Macro.Chunks.Chunk1188 (13s)
✔ [10668/11879] Built Zeta23.ThmD.Sextuple.Macro.Chunks.Chunk1179 (5.6s)
✔ [10669/11879] Built Zeta23.ThmD.Sextuple.Macro.Chunks.Chunk1198 (25s)
✔ [10670/11879] Built Zeta23.ThmD.Sextuple.Macro.Chunks.Chunk1177 (4.3s)
✔ [10671/11879] Built Zeta23.ThmD.Sextuple.Macro.Chunks.Chunk1181 (9.5s)
✔ [10672/11879] Built Zeta23.ThmD.Sextuple.Macro.Chunks.Chunk1182 (11s)
✔ [10673/11879] Built Zeta23.ThmD.Sextuple.Macro.Chunks.Chunk1186 (16s)
✔ [10674/11879] Built Zeta23.ThmD.Sextuple.Macro.Chunks.Chunk1183 (13s)
✔ [10675/11879] Built Zeta23.ThmD.Sextuple.Macro.Chunks.Chunk1175 (4.2s)
✔ [10676/11879] Built Zeta23.ThmD.Sextuple.Macro.Chunks.Chunk1191 (23s)
✔ [10677/11879] Built Zeta23.ThmD.Sextuple.Macro.Chunks.Chunk1163 (6.0s)
✔ [10678/11879] Built Zeta23.ThmD.Sextuple.Macro.Chunks.Chunk1178 (16s)
✔ [10679/11879] Built Zeta23.ThmD.Sextuple.Macro.Chunks.Chunk1158 (4.5s)
✔ [10680/11879] Built Zeta23.ThmD.Sextuple.Macro.Chunks.Chunk1157 (4.3s)
✔ [10681/11879] Built Zeta23.ThmD.Sextuple.Macro.Chunks.Chunk1162 (12s)
✔ [10682/11879] Built Zeta23.ThmD.Sextuple.Macro.Chunks.Chunk1156 (4.9s)
✔ [10683/11879] Built Zeta23.ThmD.Sextuple.Macro.Chunks.Chunk1174 (17s)
✔ [10684/11879] Built Zeta23.ThmD.Sextuple.Macro.Chunks.Chunk1180 (26s)
✔ [10685/11879] Built Zeta23.ThmD.Sextuple.Macro.Chunks.Chunk1155 (5.6s)
✔ [10686/11879] Built Zeta23.ThmD.Sextuple.Macro.Chunks.Chunk1154 (5.6s)
✔ [10687/11879] Built Zeta23.ThmD.Sextuple.Macro.Chunks.Chunk1173 (20s)
✔ [10688/11879] Built Zeta23.ThmD.Sextuple.Macro.Chunks.Chunk1159 (17s)
✔ [10689/11879] Built Zeta23.ThmD.Sextuple.Macro.Chunks.Chunk1161 (19s)
✔ [10690/11879] Built Zeta23.ThmD.Sextuple.Macro.Chunks.Chunk1160 (18s)
✔ [10691/11879] Built Zeta23.ThmD.Sextuple.Macro.Chunks.Chunk1176 (24s)
✔ [10692/11879] Built Zeta23.ThmD.Sextuple.Macro.Chunks.Chunk1153 (5.8s)
✔ [10693/11879] Built Zeta23.ThmD.Sextuple.Macro.Chunks.Chunk1152 (5.9s)
✔ [10694/11879] Built Zeta23.ThmD.Sextuple.Macro.Chunks.Chunk1151 (5.8s)
✔ [10695/11879] Built Zeta23.ThmD.Sextuple.Macro.Chunks.Chunk1149 (10s)
✔ [10696/11879] Built Zeta23.ThmD.Sextuple.Macro.Chunks.Chunk1147 (10s)
✔ [10697/11879] Built Zeta23.ThmD.Sextuple.Macro.Chunks.Chunk1148 (10s)
✔ [10698/11879] Built Zeta23.ThmD.Sextuple.Macro.Chunks.Chunk1146 (10s)
✔ [10699/11879] Built Zeta23.ThmD.Sextuple.Macro.Chunks.Chunk1145 (13s)
✔ [10700/11879] Built Zeta23.ThmD.Sextuple.Macro.Chunks.Chunk1137 (5.3s)
✔ [10701/11879] Built Zeta23.ThmD.Sextuple.Macro.Chunks.Chunk1138 (5.6s)
✔ [10702/11879] Built Zeta23.ThmD.Sextuple.Macro.Chunks.Chunk1139 (5.6s)
✔ [10703/11879] Built Zeta23.ThmD.Sextuple.Macro.Chunks.Chunk1136 (4.5s)
✔ [10704/11879] Built Zeta23.ThmD.Sextuple.Macro.Chunks.Chunk1150 (23s)
✔ [10705/11879] Built Zeta23.ThmD.Sextuple.Macro.Chunks.Chunk1141 (21s)
✔ [10706/11879] Built Zeta23.ThmD.Sextuple.Macro.Chunks.Chunk1133 (9.2s)
✔ [10707/11879] Built Zeta23.ThmD.Sextuple.Macro.Chunks.Chunk1132 (7.9s)
✔ [10708/11879] Built Zeta23.ThmD.Sextuple.Macro.Chunks.Chunk1140 (17s)
✔ [10709/11879] Built Zeta23.ThmD.Sextuple.Macro.Chunks.Chunk1142 (24s)
✔ [10710/11879] Built Zeta23.ThmD.Sextuple.Macro.Chunks.Chunk1135 (11s)
✔ [10711/11879] Built Zeta23.ThmD.Sextuple.Macro.Chunks.Chunk1134 (12s)
✔ [10712/11879] Built Zeta23.ThmD.Sextuple.Macro.Chunks.Chunk1144 (28s)
✔ [10713/11879] Built Zeta23.ThmD.Sextuple.Macro.Chunks.Chunk1143 (29s)
✔ [10714/11879] Built Zeta23.ThmD.Sextuple.Macro.Chunks.Chunk1125 (5.8s)
✔ [10715/11879] Built Zeta23.ThmD.Sextuple.Macro.Chunks.Chunk1123 (5.6s)
✔ [10716/11879] Built Zeta23.ThmD.Sextuple.Macro.Chunks.Chunk1124 (5.6s)
✔ [10717/11879] Built Zeta23.ThmD.Sextuple.Macro.Chunks.Chunk1126 (11s)
✔ [10718/11879] Built Zeta23.ThmD.Sextuple.Macro.Chunks.Chunk1128 (13s)
✔ [10719/11879] Built Zeta23.ThmD.Sextuple.Macro.Chunks.Chunk1130 (16s)
✔ [10720/11879] Built Zeta23.ThmD.Sextuple.Macro.Chunks.Chunk1121 (7.1s)
✔ [10721/11879] Built Zeta23.ThmD.Sextuple.Macro.Chunks.Chunk1119 (6.0s)
✔ [10722/11879] Built Zeta23.ThmD.Sextuple.Macro.Chunks.Chunk1122 (12s)
✔ [10723/11879] Built Zeta23.ThmD.Sextuple.Macro.Chunks.Chunk1117 (5.6s)
✔ [10724/11879] Built Zeta23.ThmD.Sextuple.Macro.Chunks.Chunk1116 (5.5s)
✔ [10725/11879] Built Zeta23.ThmD.Sextuple.Macro.Chunks.Chunk1120 (11s)
✔ [10726/11879] Built Zeta23.ThmD.Sextuple.Macro.Chunks.Chunk1115 (5.5s)
✔ [10727/11879] Built Zeta23.ThmD.Sextuple.Macro.Chunks.Chunk1127 (20s)
✔ [10728/11879] Built Zeta23.ThmD.Sextuple.Macro.Chunks.Chunk1008 (4.1s)
✔ [10729/11879] Built Zeta23.ThmD.Sextuple.Macro.Chunks.Chunk1131 (27s)
✔ [10730/11879] Built Zeta23.ThmD.Sextuple.Macro.Chunks.Chunk1009 (9.3s)
✔ [10731/11879] Built Zeta23.ThmD.Sextuple.Macro.Chunks.Chunk1006 (5.8s)
✔ [10732/11879] Built Zeta23.ThmD.Sextuple.Macro.Chunks.Chunk1007 (5.9s)
✔ [10733/11879] Built Zeta23.ThmD.Sextuple.Macro.Chunks.Chunk1005 (5.0s)
✔ [10734/11879] Built Zeta23.ThmD.Sextuple.Macro.Chunks.Chunk1004 (6.1s)
✔ [10735/11879] Built Zeta23.ThmD.Sextuple.Macro.Chunks.Chunk1003 (5.9s)
✔ [10736/11879] Built Zeta23.ThmD.Sextuple.Macro.Chunks.Chunk1129 (27s)
✔ [10737/11879] Built Zeta23.ThmD.Sextuple.Macro.Chunks.Chunk1002 (5.5s)
✔ [10738/11879] Built Zeta23.ThmD.Sextuple.Macro.Chunks.Chunk1001 (5.2s)
✔ [10739/11879] Built Zeta23.ThmD.Sextuple.Macro.Chunks.Chunk1113 (7.0s)
✔ [10740/11879] Built Zeta23.ThmD.Sextuple.Macro.Chunks.Chunk1114 (7.7s)
✔ [10741/11879] Built Zeta23.ThmD.Sextuple.Macro.Chunks.Chunk1107 (6.6s)
✔ [10742/11879] Built Zeta23.ThmD.Sextuple.Macro.Chunks.Chunk1000 (10s)
✔ [10743/11879] Built Zeta23.ThmD.Sextuple.Macro.Chunks.Chunk1110 (8.1s)
✔ [10744/11879] Built Zeta23.ThmD.Sextuple.Macro.Chunks.Chunk1112 (10s)
✔ [10745/11879] Built Zeta23.ThmD.Sextuple.Macro.Chunks.Chunk1105 (5.7s)
✔ [10746/11879] Built Zeta23.ThmD.Sextuple.Macro.Chunks.Chunk1118 (27s)
✔ [10747/11879] Built Zeta23.ThmD.Sextuple.Macro.Chunks.Chunk1108 (12s)
✔ [10748/11879] Built Zeta23.ThmD.Sextuple.Macro.Chunks.Chunk1102 (5.7s)
✔ [10749/11879] Built Zeta23.ThmD.Sextuple.Macro.Chunks.Chunk1103 (5.7s)
✔ [10750/11879] Built Zeta23.ThmD.Sextuple.Macro.Chunks.Chunk1104 (5.0s)
✔ [10751/11879] Built Zeta23.ThmD.Sextuple.Macro.Chunks.Chunk1106 (7.0s)
✔ [10752/11879] Built Zeta23.ThmD.Sextuple.Macro.Chunks.Chunk1111 (14s)
✔ [10753/11879] Built Zeta23.ThmD.Sextuple.Macro.Chunks.Chunk1095 (6.7s)
✔ [10754/11879] Built Zeta23.ThmD.Sextuple.Macro.Chunks.Chunk1096 (6.8s)
✔ [10755/11879] Built Zeta23.ThmD.Sextuple.Macro.Chunks.Chunk1093 (6.6s)
✔ [10756/11879] Built Zeta23.ThmD.Sextuple.Macro.Chunks.Chunk1101 (10s)
✔ [10757/11879] Built Zeta23.ThmD.Sextuple.Macro.Chunks.Chunk1094 (7.4s)
✔ [10758/11879] Built Zeta23.ThmD.Sextuple.Macro.Chunks.Chunk1099 (8.5s)
✔ [10759/11879] Built Zeta23.ThmD.Sextuple.Macro.Chunks.Chunk1098 (8.8s)
✔ [10760/11879] Built Zeta23.ThmD.Sextuple.Macro.Chunks.Chunk1109 (22s)
✔ [10761/11879] Built Zeta23.ThmD.Sextuple.Macro.Chunks.Chunk1100 (10s)
✔ [10762/11879] Built Zeta23.ThmD.Sextuple.Macro.Chunks.Chunk1092 (6.6s)
✔ [10763/11879] Built Zeta23.ThmD.Sextuple.Macro.Chunks.Chunk1087 (6.9s)
✔ [10764/11879] Built Zeta23.ThmD.Sextuple.Macro.Chunks.Chunk1086 (6.6s)
✔ [10765/11879] Built Zeta23.ThmD.Sextuple.Macro.Chunks.Chunk1085 (6.5s)
✔ [10766/11879] Built Zeta23.ThmD.Sextuple.Macro.Chunks.Chunk1090 (9.1s)
✔ [10767/11879] Built Zeta23.ThmD.Sextuple.Macro.Chunks.Chunk1088 (9.7s)
✔ [10768/11879] Built Zeta23.ThmD.Sextuple.Macro.Chunks.Chunk1091 (12s)
✔ [10769/11879] Built Zeta23.ThmD.Sextuple.Macro.Chunks.Chunk1081 (5.7s)
✔ [10770/11879] Built Zeta23.ThmD.Sextuple.Macro.Chunks.Chunk1082 (5.8s)
✔ [10771/11879] Built Zeta23.ThmD.Sextuple.Macro.Chunks.Chunk1084 (11s)
✔ [10772/11879] Built Zeta23.ThmD.Sextuple.Macro.Chunks.Chunk1079 (5.6s)
✔ [10773/11879] Built Zeta23.ThmD.Sextuple.Macro.Chunks.Chunk1078 (5.1s)
✔ [10774/11879] Built Zeta23.ThmD.Sextuple.Macro.Chunks.Chunk1077 (5.4s)
✔ [10775/11879] Built Zeta23.ThmD.Sextuple.Macro.Chunks.Chunk1074 (8.3s)
✔ [10776/11879] Built Zeta23.ThmD.Sextuple.Macro.Chunks.Chunk1097 (29s)
✔ [10777/11879] Built Zeta23.ThmD.Sextuple.Macro.Chunks.Chunk1075 (9.3s)
✔ [10778/11879] Built Zeta23.ThmD.Sextuple.Macro.Chunks.Chunk1070 (5.2s)
✔ [10779/11879] Built Zeta23.ThmD.Sextuple.Macro.Chunks.Chunk1089 (27s)
✔ [10780/11879] Built Zeta23.ThmD.Sextuple.Macro.Chunks.Chunk1069 (5.2s)
✔ [10781/11879] Built Zeta23.ThmD.Sextuple.Macro.Chunks.Chunk1068 (4.0s)
✔ [10782/11879] Built Zeta23.ThmD.Sextuple.Macro.Chunks.Chunk1083 (22s)
✔ [10783/11879] Built Zeta23.ThmD.Sextuple.Macro.Chunks.Chunk1080 (21s)
✔ [10784/11879] Built Zeta23.ThmD.Sextuple.Macro.Chunks.Chunk1073 (15s)
✔ [10785/11879] Built Zeta23.ThmD.Sextuple.Macro.Chunks.Chunk1076 (17s)
✔ [10786/11879] Built Zeta23.ThmD.Sextuple.Macro.Chunks.Chunk1072 (17s)
✔ [10787/11879] Built Zeta23.ThmD.Sextuple.Macro.Chunks.Chunk1067 (6.3s)
✔ [10788/11879] Built Zeta23.ThmD.Sextuple.Macro.Chunks.Chunk1066 (6.5s)
✔ [10789/11879] Built Zeta23.ThmD.Sextuple.Macro.Chunks.Chunk1061 (5.7s)
✔ [10790/11879] Built Zeta23.ThmD.Sextuple.Macro.Chunks.Chunk1064 (8.3s)
✔ [10791/11879] Built Zeta23.ThmD.Sextuple.Macro.Chunks.Chunk1060 (5.4s)
✔ [10792/11879] Built Zeta23.ThmD.Sextuple.Macro.Chunks.Chunk1065 (9.4s)
✔ [10793/11879] Built Zeta23.ThmD.Sextuple.Macro.Chunks.Chunk1059 (5.2s)
✔ [10794/11879] Built Zeta23.ThmD.Sextuple.Macro.Chunks.Chunk1071 (22s)
✔ [10795/11879] Built Zeta23.ThmD.Sextuple.Macro.Chunks.Chunk1056 (5.1s)
✔ [10796/11879] Built Zeta23.ThmD.Sextuple.Macro.Chunks.Chunk1063 (12s)
✔ [10797/11879] Built Zeta23.ThmD.Sextuple.Macro.Chunks.Chunk1055 (5.6s)
✔ [10798/11879] Built Zeta23.ThmD.Sextuple.Macro.Chunks.Chunk1052 (5.4s)
✔ [10799/11879] Built Zeta23.ThmD.Sextuple.Macro.Chunks.Chunk1051 (4.8s)
✔ [10800/11879] Built Zeta23.ThmD.Sextuple.Macro.Chunks.Chunk1057 (11s)
✔ [10801/11879] Built Zeta23.ThmD.Sextuple.Macro.Chunks.Chunk1048 (5.5s)
✔ [10802/11879] Built Zeta23.ThmD.Sextuple.Macro.Chunks.Chunk1047 (6.1s)
✔ [10803/11879] Built Zeta23.ThmD.Sextuple.Macro.Chunks.Chunk1046 (4.8s)
✔ [10804/11879] Built Zeta23.ThmD.Sextuple.Macro.Chunks.Chunk1054 (12s)
✔ [10805/11879] Built Zeta23.ThmD.Sextuple.Macro.Chunks.Chunk1044 (7.2s)
✔ [10806/11879] Built Zeta23.ThmD.Sextuple.Macro.Chunks.Chunk1062 (25s)
✔ [10807/11879] Built Zeta23.ThmD.Sextuple.Macro.Chunks.Chunk1042 (7.0s)
✔ [10808/11879] Built Zeta23.ThmD.Sextuple.Macro.Chunks.Chunk1058 (24s)
✔ [10809/11879] Built Zeta23.ThmD.Sextuple.Macro.Chunks.Chunk1050 (17s)
✔ [10810/11879] Built Zeta23.ThmD.Sextuple.Macro.Chunks.Chunk1045 (14s)
✔ [10811/11879] Built Zeta23.ThmD.Sextuple.Macro.Chunks.Chunk1039 (4.7s)
✔ [10812/11879] Built Zeta23.ThmD.Sextuple.Macro.Chunks.Chunk1049 (19s)
✔ [10813/11879] Built Zeta23.ThmD.Sextuple.Macro.Chunks.Chunk1053 (23s)
✔ [10814/11879] Built Zeta23.ThmD.Sextuple.Macro.Chunks.Chunk1038 (4.6s)
✔ [10815/11879] Built Zeta23.ThmD.Sextuple.Macro.Chunks.Chunk1037 (4.9s)
✔ [10816/11879] Built Zeta23.ThmD.Sextuple.Macro.Chunks.Chunk1043 (14s)
✔ [10817/11879] Built Zeta23.ThmD.Sextuple.Macro.Chunks.Chunk1036 (5.4s)
✔ [10818/11879] Built Zeta23.ThmD.Sextuple.Macro.Chunks.Chunk1035 (5.0s)
✔ [10819/11879] Built Zeta23.ThmD.Sextuple.Macro.Chunks.Chunk1041 (17s)
✔ [10820/11879] Built Zeta23.ThmD.Sextuple.Macro.Chunks.Chunk1031 (6.2s)
✔ [10821/11879] Built Zeta23.ThmD.Sextuple.Macro.Chunks.Chunk1030 (5.8s)
✔ [10822/11879] Built Zeta23.ThmD.Sextuple.Macro.Chunks.Chunk1029 (5.6s)
✔ [10823/11879] Built Zeta23.ThmD.Sextuple.Macro.Chunks.Chunk1028 (5.2s)
✔ [10824/11879] Built Zeta23.ThmD.Sextuple.Macro.Chunks.Chunk1034 (8.8s)
✔ [10825/11879] Built Zeta23.ThmD.Sextuple.Macro.Chunks.Chunk1027 (4.8s)
✔ [10826/11879] Built Zeta23.ThmD.Sextuple.Macro.Chunks.Chunk1033 (12s)
✔ [10827/11879] Built Zeta23.ThmD.Sextuple.Macro.Chunks.Chunk1023 (5.6s)
✔ [10828/11879] Built Zeta23.ThmD.Sextuple.Macro.Chunks.Chunk1024 (5.8s)
✔ [10829/11879] Built Zeta23.ThmD.Sextuple.Macro.Chunks.Chunk1040 (21s)
✔ [10830/11879] Built Zeta23.ThmD.Sextuple.Macro.Chunks.Chunk1026 (11s)
✔ [10831/11879] Built Zeta23.ThmD.Sextuple.Macro.Chunks.Chunk1017 (5.2s)
✔ [10832/11879] Built Zeta23.ThmD.Sextuple.Macro.Chunks.Chunk1018 (5.2s)
✔ [10833/11879] Built Zeta23.ThmD.Sextuple.Macro.Chunks.Chunk1014 (4.4s)
✔ [10834/11879] Built Zeta23.ThmD.Sextuple.Macro.Chunks.Chunk1020 (10s)
✔ [10835/11879] Built Zeta23.ThmD.Sextuple.Macro.Chunks.Chunk1013 (4.2s)
✔ [10836/11879] Built Zeta23.ThmD.Sextuple.Macro.Chunks.Chunk1022 (17s)
✔ [10837/11879] Built Zeta23.ThmD.Sextuple.Macro.Chunks.Chunk1032 (25s)
✔ [10838/11879] Built Zeta23.ThmD.Sextuple.Macro.Chunks.Chunk1019 (16s)
✔ [10839/11879] Built Zeta23.ThmD.Sextuple.Macro.Chunks.Chunk1025 (23s)
✔ [10840/11879] Built Zeta23.ThmD.Sextuple.Macro.Chunks.Chunk1021 (21s)
✔ [10841/11879] Built Zeta23.ThmD.Sextuple.Macro.Chunks.Chunk0999 (7.8s)
✔ [10842/11879] Built Zeta23.ThmD.Sextuple.Macro.Chunks.Chunk0997 (4.5s)
✔ [10843/11879] Built Zeta23.ThmD.Sextuple.Macro.Chunks.Chunk1016 (13s)
✔ [10844/11879] Built Zeta23.ThmD.Sextuple.Macro.Chunks.Chunk1012 (15s)
✔ [10845/11879] Built Zeta23.ThmD.Sextuple.Macro.Chunks.Chunk0996 (4.9s)
✔ [10846/11879] Built Zeta23.ThmD.Sextuple.Macro.Chunks.Chunk0995 (4.8s)
✔ [10847/11879] Built Zeta23.ThmD.Sextuple.Macro.Chunks.Chunk1011 (17s)
✔ [10848/11879] Built Zeta23.ThmD.Sextuple.Macro.Chunks.Chunk1010 (18s)
✔ [10849/11879] Built Zeta23.ThmD.Sextuple.Macro.Chunks.Chunk0994 (5.5s)
✔ [10850/11879] Built Zeta23.ThmD.Sextuple.Macro.Chunks.Chunk0993 (6.2s)
✔ [10851/11879] Built Zeta23.ThmD.Sextuple.Macro.Chunks.Chunk0992 (5.9s)
✔ [10852/11879] Built Zeta23.ThmD.Sextuple.Macro.Chunks.Chunk0989 (5.7s)
✔ [10853/11879] Built Zeta23.ThmD.Sextuple.Macro.Chunks.Chunk1015 (19s)
✔ [10854/11879] Built Zeta23.ThmD.Sextuple.Macro.Chunks.Chunk0998 (17s)
✔ [10855/11879] Built Zeta23.ThmD.Sextuple.Macro.Chunks.Chunk0986 (5.1s)
✔ [10856/11879] Built Zeta23.ThmD.Sextuple.Macro.Chunks.Chunk0985 (5.5s)
✔ [10857/11879] Built Zeta23.ThmD.Sextuple.Macro.Chunks.Chunk0987 (6.7s)
✔ [10858/11879] Built Zeta23.ThmD.Sextuple.Macro.Chunks.Chunk0983 (5.3s)
✔ [10859/11879] Built Zeta23.ThmD.Sextuple.Macro.Chunks.Chunk0982 (5.2s)
✔ [10860/11879] Built Zeta23.ThmD.Sextuple.Macro.Chunks.Chunk0990 (12s)
✔ [10861/11879] Built Zeta23.ThmD.Sextuple.Macro.Chunks.Chunk0981 (5.0s)
✔ [10862/11879] Built Zeta23.ThmD.Sextuple.Macro.Chunks.Chunk0984 (8.0s)
✔ [10863/11879] Built Zeta23.ThmD.Sextuple.Macro.Chunks.Chunk0991 (18s)
✔ [10864/11879] Built Zeta23.ThmD.Sextuple.Macro.Chunks.Chunk0976 (7.7s)
✔ [10865/11879] Built Zeta23.ThmD.Sextuple.Macro.Chunks.Chunk0979 (9.1s)
✔ [10866/11879] Built Zeta23.ThmD.Sextuple.Macro.Chunks.Chunk0980 (11s)
✔ [10867/11879] Built Zeta23.ThmD.Sextuple.Macro.Chunks.Chunk0974 (8.0s)
✔ [10868/11879] Built Zeta23.ThmD.Sextuple.Macro.Chunks.Chunk0988 (22s)
✔ [10869/11879] Built Zeta23.ThmD.Sextuple.Macro.Chunks.Chunk0971 (5.5s)
✔ [10870/11879] Built Zeta23.ThmD.Sextuple.Macro.Chunks.Chunk0977 (16s)
✔ [10871/11879] Built Zeta23.ThmD.Sextuple.Macro.Chunks.Chunk0970 (9.5s)
✔ [10872/11879] Built Zeta23.ThmD.Sextuple.Macro.Chunks.Chunk0967 (5.4s)
✔ [10873/11879] Built Zeta23.ThmD.Sextuple.Macro.Chunks.Chunk0972 (13s)
✔ [10874/11879] Built Zeta23.ThmD.Sextuple.Macro.Chunks.Chunk0965 (5.9s)
✔ [10875/11879] Built Zeta23.ThmD.Sextuple.Macro.Chunks.Chunk0963 (4.5s)
✔ [10876/11879] Built Zeta23.ThmD.Sextuple.Macro.Chunks.Chunk0969 (14s)
✔ [10877/11879] Built Zeta23.ThmD.Sextuple.Macro.Chunks.Chunk0962 (4.1s)
✔ [10878/11879] Built Zeta23.ThmD.Sextuple.Macro.Chunks.Chunk0978 (25s)
✔ [10879/11879] Built Zeta23.ThmD.Sextuple.Macro.Chunks.Chunk0973 (23s)
✔ [10880/11879] Built Zeta23.ThmD.Sextuple.Macro.Chunks.Chunk0975 (26s)
✔ [10881/11879] Built Zeta23.ThmD.Sextuple.Macro.Chunks.Chunk0961 (5.2s)
✔ [10882/11879] Built Zeta23.ThmD.Sextuple.Macro.Chunks.Chunk0964 (10s)
✔ [10883/11879] Built Zeta23.ThmD.Sextuple.Macro.Chunks.Chunk0959 (5.4s)
✔ [10884/11879] Built Zeta23.ThmD.Sextuple.Macro.Chunks.Chunk0957 (5.1s)
✔ [10885/11879] Built Zeta23.ThmD.Sextuple.Macro.Chunks.Chunk0958 (5.3s)
✔ [10886/11879] Built Zeta23.ThmD.Sextuple.Macro.Chunks.Chunk0968 (22s)
✔ [10887/11879] Built Zeta23.ThmD.Sextuple.Macro.Chunks.Chunk0955 (7.1s)
✔ [10888/11879] Built Zeta23.ThmD.Sextuple.Macro.Chunks.Chunk0956 (7.1s)
✔ [10889/11879] Built Zeta23.ThmD.Sextuple.Macro.Chunks.Chunk0953 (5.9s)
✔ [10890/11879] Built Zeta23.ThmD.Sextuple.Macro.Chunks.Chunk0954 (7.9s)
✔ [10891/11879] Built Zeta23.ThmD.Sextuple.Macro.Chunks.Chunk0966 (22s)
✔ [10892/11879] Built Zeta23.ThmD.Sextuple.Macro.Chunks.Chunk0960 (14s)
✔ [10893/11879] Built Zeta23.ThmD.Sextuple.Macro.Chunks.Chunk0949 (6.0s)
✔ [10894/11879] Built Zeta23.ThmD.Sextuple.Macro.Chunks.Chunk0947 (5.3s)
✔ [10895/11879] Built Zeta23.ThmD.Sextuple.Macro.Chunks.Chunk0948 (5.4s)
✔ [10896/11879] Built Zeta23.ThmD.Sextuple.Macro.Chunks.Chunk0945 (5.1s)
✔ [10897/11879] Built Zeta23.ThmD.Sextuple.Macro.Chunks.Chunk0944 (4.9s)
✔ [10898/11879] Built Zeta23.ThmD.Sextuple.Macro.Chunks.Chunk0952 (13s)
✔ [10899/11879] Built Zeta23.ThmD.Sextuple.Macro.Chunks.Chunk0946 (8.5s)
✔ [10900/11879] Built Zeta23.ThmD.Sextuple.Macro.Chunks.Chunk0951 (14s)
✔ [10901/11879] Built Zeta23.ThmD.Sextuple.Macro.Chunks.Chunk0943 (9.9s)
✔ [10902/11879] Built Zeta23.ThmD.Sextuple.Macro.Chunks.Chunk0935 (4.4s)
✔ [10903/11879] Built Zeta23.ThmD.Sextuple.Macro.Chunks.Chunk0940 (9.5s)
✔ [10904/11879] Built Zeta23.ThmD.Sextuple.Macro.Chunks.Chunk0950 (24s)
✔ [10905/11879] Built Zeta23.ThmD.Sextuple.Macro.Chunks.Chunk0934 (8.0s)
✔ [10906/11879] Built Zeta23.ThmD.Sextuple.Macro.Chunks.Chunk0942 (16s)
✔ [10907/11879] Built Zeta23.ThmD.Sextuple.Macro.Chunks.Chunk0937 (13s)
✔ [10908/11879] Built Zeta23.ThmD.Sextuple.Macro.Chunks.Chunk0931 (4.0s)
✔ [10909/11879] Built Zeta23.ThmD.Sextuple.Macro.Chunks.Chunk0928 (4.7s)
✔ [10910/11879] Built Zeta23.ThmD.Sextuple.Macro.Chunks.Chunk0930 (5.6s)
✔ [10911/11879] Built Zeta23.ThmD.Sextuple.Macro.Chunks.Chunk0933 (12s)
✔ [10912/11879] Built Zeta23.ThmD.Sextuple.Macro.Chunks.Chunk0941 (22s)
✔ [10913/11879] Built Zeta23.ThmD.Sextuple.Macro.Chunks.Chunk0929 (6.4s)
✔ [10914/11879] Built Zeta23.ThmD.Sextuple.Macro.Chunks.Chunk0938 (21s)
✔ [10915/11879] Built Zeta23.ThmD.Sextuple.Macro.Chunks.Chunk0936 (20s)
✔ [10916/11879] Built Zeta23.ThmD.Sextuple.Macro.Chunks.Chunk0939 (23s)
✔ [10917/11879] Built Zeta23.ThmD.Sextuple.Macro.Chunks.Chunk0926 (5.5s)
✔ [10918/11879] Built Zeta23.ThmD.Sextuple.Macro.Chunks.Chunk0925 (5.5s)
✔ [10919/11879] Built Zeta23.ThmD.Sextuple.Macro.Chunks.Chunk0932 (18s)
✔ [10920/11879] Built Zeta23.ThmD.Sextuple.Macro.Chunks.Chunk0922 (5.8s)
✔ [10921/11879] Built Zeta23.ThmD.Sextuple.Macro.Chunks.Chunk0923 (6.0s)
✔ [10922/11879] Built Zeta23.ThmD.Sextuple.Macro.Chunks.Chunk0927 (9.9s)
✔ [10923/11879] Built Zeta23.ThmD.Sextuple.Macro.Chunks.Chunk0920 (5.4s)
✔ [10924/11879] Built Zeta23.ThmD.Sextuple.Macro.Chunks.Chunk0921 (7.4s)
✔ [10925/11879] Built Zeta23.ThmD.Sextuple.Macro.Chunks.Chunk0919 (6.8s)
✔ [10926/11879] Built Zeta23.ThmD.Sextuple.Macro.Chunks.Chunk0917 (5.5s)
✔ [10927/11879] Built Zeta23.ThmD.Sextuple.Macro.Chunks.Chunk0918 (7.4s)
✔ [10928/11879] Built Zeta23.ThmD.Sextuple.Macro.Chunks.Chunk0913 (6.0s)
✔ [10929/11879] Built Zeta23.ThmD.Sextuple.Macro.Chunks.Chunk0912 (5.6s)
✔ [10930/11879] Built Zeta23.ThmD.Sextuple.Macro.Chunks.Chunk0909 (5.3s)
✔ [10931/11879] Built Zeta23.ThmD.Sextuple.Macro.Chunks.Chunk0924 (14s)
✔ [10932/11879] Built Zeta23.ThmD.Sextuple.Macro.Chunks.Chunk0908 (5.0s)
✔ [10933/11879] Built Zeta23.ThmD.Sextuple.Macro.Chunks.Chunk0916 (9.6s)
✔ [10934/11879] Built Zeta23.ThmD.Sextuple.Macro.Chunks.Chunk0618 (4.7s)
✔ [10935/11879] Built Zeta23.ThmD.Sextuple.Macro.Chunks.Chunk0617 (4.9s)
✔ [10936/11879] Built Zeta23.ThmD.Sextuple.Macro.Chunks.Chunk0616 (4.8s)
✔ [10937/11879] Built Zeta23.ThmD.Sextuple.Macro.Chunks.Chunk0613 (5.9s)
✔ [10938/11879] Built Zeta23.ThmD.Sextuple.Macro.Chunks.Chunk0907 (6.6s)
✔ [10939/11879] Built Zeta23.ThmD.Sextuple.Macro.Chunks.Chunk0615 (8.5s)
✔ [10940/11879] Built Zeta23.ThmD.Sextuple.Macro.Chunks.Chunk0914 (15s)
✔ [10941/11879] Built Zeta23.ThmD.Sextuple.Macro.Chunks.Chunk0905 (5.3s)
✔ [10942/11879] Built Zeta23.ThmD.Sextuple.Macro.Chunks.Chunk0906 (5.4s)
✔ [10943/11879] Built Zeta23.ThmD.Sextuple.Macro.Chunks.Chunk0614 (9.6s)
✔ [10944/11879] Built Zeta23.ThmD.Sextuple.Macro.Chunks.Chunk0915 (18s)
✔ [10945/11879] Built Zeta23.ThmD.Sextuple.Macro.Chunks.Chunk0904 (6.4s)
✔ [10946/11879] Built Zeta23.ThmD.Sextuple.Macro.Chunks.Chunk0903 (7.5s)
✔ [10947/11879] Built Zeta23.ThmD.Sextuple.Macro.Chunks.Chunk0910 (16s)
✔ [10948/11879] Built Zeta23.ThmD.Sextuple.Macro.Chunks.Chunk0902 (11s)
✔ [10949/11879] Built Zeta23.ThmD.Sextuple.Macro.Chunks.Chunk0911 (18s)
✔ [10950/11879] Built Zeta23.ThmD.Sextuple.Macro.Chunks.Chunk0899 (12s)
✔ [10951/11879] Built Zeta23.ThmD.Sextuple.Macro.Chunks.Chunk0900 (14s)
✔ [10952/11879] Built Zeta23.ThmD.Sextuple.Macro.Chunks.Chunk0898 (14s)
✔ [10953/11879] Built Zeta23.ThmD.Sextuple.Macro.Chunks.Chunk0897 (14s)
✔ [10954/11879] Built Zeta23.ThmD.Sextuple.Macro.Chunks.Chunk0894 (9.3s)
✔ [10955/11879] Built Zeta23.ThmD.Sextuple.Macro.Chunks.Chunk0895 (13s)
✔ [10956/11879] Built Zeta23.ThmD.Sextuple.Macro.Chunks.Chunk0901 (23s)
✔ [10957/11879] Built Zeta23.ThmD.Sextuple.Macro.Chunks.Chunk0893 (14s)
✔ [10958/11879] Built Zeta23.ThmD.Sextuple.Macro.Chunks.Chunk0891 (13s)
✔ [10959/11879] Built Zeta23.ThmD.Sextuple.Macro.Chunks.Chunk0889 (11s)
✔ [10960/11879] Built Zeta23.ThmD.Sextuple.Macro.Chunks.Chunk0896 (22s)
✔ [10961/11879] Built Zeta23.ThmD.Sextuple.Macro.Chunks.Chunk0890 (16s)
✔ [10962/11879] Built Zeta23.ThmD.Sextuple.Macro.Chunks.Chunk0886 (11s)
✔ [10963/11879] Built Zeta23.ThmD.Sextuple.Macro.Chunks.Chunk0885 (10s)
✔ [10964/11879] Built Zeta23.ThmD.Sextuple.Macro.Chunks.Chunk0883 (11s)
✔ [10965/11879] Built Zeta23.ThmD.Sextuple.Macro.Chunks.Chunk0892 (26s)
✔ [10966/11879] Built Zeta23.ThmD.Sextuple.Macro.Chunks.Chunk0879 (5.9s)
✔ [10967/11879] Built Zeta23.ThmD.Sextuple.Macro.Chunks.Chunk0881 (12s)
✔ [10968/11879] Built Zeta23.ThmD.Sextuple.Macro.Chunks.Chunk0887 (21s)
✔ [10969/11879] Built Zeta23.ThmD.Sextuple.Macro.Chunks.Chunk0888 (22s)
✔ [10970/11879] Built Zeta23.ThmD.Sextuple.Macro.Chunks.Chunk0878 (10s)
✔ [10971/11879] Built Zeta23.ThmD.Sextuple.Macro.Chunks.Chunk0884 (20s)
✔ [10972/11879] Built Zeta23.ThmD.Sextuple.Macro.Chunks.Chunk0876 (10s)
✔ [10973/11879] Built Zeta23.ThmD.Sextuple.Macro.Chunks.Chunk0880 (17s)
✔ [10974/11879] Built Zeta23.ThmD.Sextuple.Macro.Chunks.Chunk0872 (9.8s)
✔ [10975/11879] Built Zeta23.ThmD.Sextuple.Macro.Chunks.Chunk0874 (11s)
✔ [10976/11879] Built Zeta23.ThmD.Sextuple.Macro.Chunks.Chunk0882 (24s)
✔ [10977/11879] Built Zeta23.ThmD.Sextuple.Macro.Chunks.Chunk0875 (14s)
✔ [10978/11879] Built Zeta23.ThmD.Sextuple.Macro.Chunks.Chunk0871 (11s)
✔ [10979/11879] Built Zeta23.ThmD.Sextuple.Macro.Chunks.Chunk0873 (19s)
✔ [10980/11879] Built Zeta23.ThmD.Sextuple.Macro.Chunks.Chunk0869 (12s)
✔ [10981/11879] Built Zeta23.ThmD.Sextuple.Macro.Chunks.Chunk0877 (23s)
✔ [10982/11879] Built Zeta23.ThmD.Sextuple.Macro.Chunks.Chunk0867 (12s)
✔ [10983/11879] Built Zeta23.ThmD.Sextuple.Macro.Chunks.Chunk0865 (13s)
✔ [10984/11879] Built Zeta23.ThmD.Sextuple.Macro.Chunks.Chunk0868 (18s)
✔ [10985/11879] Built Zeta23.ThmD.Sextuple.Macro.Chunks.Chunk0870 (23s)
✔ [10986/11879] Built Zeta23.ThmD.Sextuple.Macro.Chunks.Chunk0864 (17s)
✔ [10987/11879] Built Zeta23.ThmD.Sextuple.Macro.Chunks.Chunk0866 (20s)
✔ [10988/11879] Built Zeta23.ThmD.Sextuple.Macro.Chunks.Chunk0862 (18s)
✔ [10989/11879] Built Zeta23.ThmD.Sextuple.Macro.Chunks.Chunk0863 (22s)
✔ [10990/11879] Built Zeta23.ThmD.Sextuple.Macro.Chunks.Chunk0858 (15s)
✔ [10991/11879] Built Zeta23.ThmD.Sextuple.Macro.Chunks.Chunk0861 (20s)
✔ [10992/11879] Built Zeta23.ThmD.Sextuple.Macro.Chunks.Chunk0859 (23s)
✔ [10993/11879] Built Zeta23.ThmD.Sextuple.Macro.Chunks.Chunk0860 (23s)
✔ [10994/11879] Built Zeta23.ThmD.Sextuple.Macro.Chunks.Chunk0857 (20s)
✔ [10995/11879] Built Zeta23.ThmD.Sextuple.Macro.Chunks.Chunk0854 (16s)
✔ [10996/11879] Built Zeta23.ThmD.Sextuple.Macro.Chunks.Chunk0856 (22s)
✔ [10997/11879] Built Zeta23.ThmD.Sextuple.Macro.Chunks.Chunk0852 (15s)
✔ [10998/11879] Built Zeta23.ThmD.Sextuple.Macro.Chunks.Chunk0849 (9.5s)
✔ [10999/11879] Built Zeta23.ThmD.Sextuple.Macro.Chunks.Chunk0855 (24s)
✔ [11000/11879] Built Zeta23.ThmD.Sextuple.Macro.Chunks.Chunk0850 (13s)
✔ [11001/11879] Built Zeta23.ThmD.Sextuple.Macro.Chunks.Chunk0851 (15s)
✔ [11002/11879] Built Zeta23.ThmD.Sextuple.Macro.Chunks.Chunk0846 (10s)
✔ [11003/11879] Built Zeta23.ThmD.Sextuple.Macro.Chunks.Chunk0853 (22s)
✔ [11004/11879] Built Zeta23.ThmD.Sextuple.Macro.Chunks.Chunk0845 (10s)
✔ [11005/11879] Built Zeta23.ThmD.Sextuple.Macro.Chunks.Chunk0842 (8.6s)
✔ [11006/11879] Built Zeta23.ThmD.Sextuple.Macro.Chunks.Chunk0848 (19s)
✔ [11007/11879] Built Zeta23.ThmD.Sextuple.Macro.Chunks.Chunk0844 (15s)
✔ [11008/11879] Built Zeta23.ThmD.Sextuple.Macro.Chunks.Chunk0847 (21s)
✔ [11009/11879] Built Zeta23.ThmD.Sextuple.Macro.Chunks.Chunk0836 (7.5s)
✔ [11010/11879] Built Zeta23.ThmD.Sextuple.Macro.Chunks.Chunk0838 (12s)
✔ [11011/11879] Built Zeta23.ThmD.Sextuple.Macro.Chunks.Chunk0839 (16s)
✔ [11012/11879] Built Zeta23.ThmD.Sextuple.Macro.Chunks.Chunk0834 (7.9s)
✔ [11013/11879] Built Zeta23.ThmD.Sextuple.Macro.Chunks.Chunk0843 (23s)
✔ [11014/11879] Built Zeta23.ThmD.Sextuple.Macro.Chunks.Chunk0841 (23s)
✔ [11015/11879] Built Zeta23.ThmD.Sextuple.Macro.Chunks.Chunk0840 (23s)
✔ [11016/11879] Built Zeta23.ThmD.Sextuple.Macro.Chunks.Chunk0837 (19s)
✔ [11017/11879] Built Zeta23.ThmD.Sextuple.Macro.Chunks.Chunk0832 (13s)
✔ [11018/11879] Built Zeta23.ThmD.Sextuple.Macro.Chunks.Chunk0831 (15s)
✔ [11019/11879] Built Zeta23.ThmD.Sextuple.Macro.Chunks.Chunk0835 (24s)
✔ [11020/11879] Built Zeta23.ThmD.Sextuple.Macro.Chunks.Chunk0824 (5.4s)
✔ [11021/11879] Built Zeta23.ThmD.Sextuple.Macro.Chunks.Chunk0827 (13s)
✔ [11022/11879] Built Zeta23.ThmD.Sextuple.Macro.Chunks.Chunk0829 (17s)
✔ [11023/11879] Built Zeta23.ThmD.Sextuple.Macro.Chunks.Chunk0830 (19s)
✔ [11024/11879] Built Zeta23.ThmD.Sextuple.Macro.Chunks.Chunk0833 (24s)
✔ [11025/11879] Built Zeta23.ThmD.Sextuple.Macro.Chunks.Chunk0826 (17s)
✔ [11026/11879] Built Zeta23.ThmD.Sextuple.Macro.Chunks.Chunk0825 (15s)
✔ [11027/11879] Built Zeta23.ThmD.Sextuple.Macro.Chunks.Chunk0828 (20s)
✔ [11028/11879] Built Zeta23.ThmD.Sextuple.Macro.Chunks.Chunk0823 (10s)
✔ [11029/11879] Built Zeta23.ThmD.Sextuple.Macro.Chunks.Chunk0620 (5.1s)
✔ [11030/11879] Built Zeta23.ThmD.Sextuple.Macro.Chunks.Chunk0652 (5.4s)
✔ [11031/11879] Built Zeta23.ThmD.Sextuple.Macro.Chunks.Chunk0651 (5.4s)
✔ [11032/11879] Built Zeta23.ThmD.Sextuple.Macro.Chunks.Chunk0619 (4.5s)
✔ [11033/11879] Built Zeta23.ThmD.Sextuple.Macro.Chunks.Chunk0820 (14s)
✔ [11034/11879] Built Zeta23.ThmD.Sextuple.Macro.Chunks.Chunk0815 (7.9s)
✔ [11035/11879] Built Zeta23.ThmD.Sextuple.Macro.Chunks.Chunk0821 (18s)
✔ [11036/11879] Built Zeta23.ThmD.Sextuple.Macro.Chunks.Chunk0818 (11s)
✔ [11037/11879] Built Zeta23.ThmD.Sextuple.Macro.Chunks.Chunk0813 (10s)
✔ [11038/11879] Built Zeta23.ThmD.Sextuple.Macro.Chunks.Chunk0822 (22s)
✔ [11039/11879] Built Zeta23.ThmD.Sextuple.Macro.Chunks.Chunk0811 (5.1s)
✔ [11040/11879] Built Zeta23.ThmD.Sextuple.Macro.Chunks.Chunk0819 (17s)
✔ [11041/11879] Built Zeta23.ThmD.Sextuple.Macro.Chunks.Chunk0816 (16s)
✔ [11042/11879] Built Zeta23.ThmD.Sextuple.Macro.Chunks.Chunk0814 (17s)
✔ [11043/11879] Built Zeta23.ThmD.Sextuple.Macro.Chunks.Chunk0809 (8.1s)
✔ [11044/11879] Built Zeta23.ThmD.Sextuple.Macro.Chunks.Chunk0817 (18s)
✔ [11045/11879] Built Zeta23.ThmD.Sextuple.Macro.Chunks.Chunk0807 (6.4s)
✔ [11046/11879] Built Zeta23.ThmD.Sextuple.Macro.Chunks.Chunk0802 (5.5s)
✔ [11047/11879] Built Zeta23.ThmD.Sextuple.Macro.Chunks.Chunk0801 (6.0s)
✔ [11048/11879] Built Zeta23.ThmD.Sextuple.Macro.Chunks.Chunk0800 (7.6s)
✔ [11049/11879] Built Zeta23.ThmD.Sextuple.Macro.Chunks.Chunk0812 (21s)
✔ [11050/11879] Built Zeta23.ThmD.Sextuple.Macro.Chunks.Chunk0804 (13s)
✔ [11051/11879] Built Zeta23.ThmD.Sextuple.Macro.Chunks.Chunk0797 (4.1s)
✔ [11052/11879] Built Zeta23.ThmD.Sextuple.Macro.Chunks.Chunk0810 (23s)
✔ [11053/11879] Built Zeta23.ThmD.Sextuple.Macro.Chunks.Chunk0799 (9.8s)
✔ [11054/11879] Built Zeta23.ThmD.Sextuple.Macro.Chunks.Chunk0803 (15s)
✔ [11055/11879] Built Zeta23.ThmD.Sextuple.Macro.Chunks.Chunk0808 (23s)
✔ [11056/11879] Built Zeta23.ThmD.Sextuple.Macro.Chunks.Chunk0796 (7.2s)
✔ [11057/11879] Built Zeta23.ThmD.Sextuple.Macro.Chunks.Chunk0806 (22s)
✔ [11058/11879] Built Zeta23.ThmD.Sextuple.Macro.Chunks.Chunk0805 (21s)
✔ [11059/11879] Built Zeta23.ThmD.Sextuple.Macro.Chunks.Chunk0792 (5.2s)
✔ [11060/11879] Built Zeta23.ThmD.Sextuple.Macro.Chunks.Chunk0795 (12s)
✔ [11061/11879] Built Zeta23.ThmD.Sextuple.Macro.Chunks.Chunk0794 (13s)
✔ [11062/11879] Built Zeta23.ThmD.Sextuple.Macro.Chunks.Chunk0798 (22s)
✔ [11063/11879] Built Zeta23.ThmD.Sextuple.Macro.Chunks.Chunk0791 (13s)
✔ [11064/11879] Built Zeta23.ThmD.Sextuple.Macro.Chunks.Chunk0793 (15s)
✔ [11065/11879] Built Zeta23.ThmD.Sextuple.Macro.Chunks.Chunk0787 (12s)
✔ [11066/11879] Built Zeta23.ThmD.Sextuple.Macro.Chunks.Chunk0790 (15s)
✔ [11067/11879] Built Zeta23.ThmD.Sextuple.Macro.Chunks.Chunk0784 (7.0s)
✔ [11068/11879] Built Zeta23.ThmD.Sextuple.Macro.Chunks.Chunk0789 (17s)
✔ [11069/11879] Built Zeta23.ThmD.Sextuple.Macro.Chunks.Chunk0781 (7.1s)
✔ [11070/11879] Built Zeta23.ThmD.Sextuple.Macro.Chunks.Chunk0786 (15s)
✔ [11071/11879] Built Zeta23.ThmD.Sextuple.Macro.Chunks.Chunk0785 (13s)
✔ [11072/11879] Built Zeta23.ThmD.Sextuple.Macro.Chunks.Chunk0788 (21s)
✔ [11073/11879] Built Zeta23.ThmD.Sextuple.Macro.Chunks.Chunk0780 (9.2s)
✔ [11074/11879] Built Zeta23.ThmD.Sextuple.Macro.Chunks.Chunk0783 (14s)
✔ [11075/11879] Built Zeta23.ThmD.Sextuple.Macro.Chunks.Chunk0782 (15s)
✔ [11076/11879] Built Zeta23.ThmD.Sextuple.Macro.Chunks.Chunk0779 (13s)
✔ [11077/11879] Built Zeta23.ThmD.Sextuple.Macro.Chunks.Chunk0772 (8.2s)
✔ [11078/11879] Built Zeta23.ThmD.Sextuple.Macro.Chunks.Chunk0776 (12s)
✔ [11079/11879] Built Zeta23.ThmD.Sextuple.Macro.Chunks.Chunk0775 (15s)
✔ [11080/11879] Built Zeta23.ThmD.Sextuple.Macro.Chunks.Chunk0778 (21s)
✔ [11081/11879] Built Zeta23.ThmD.Sextuple.Macro.Chunks.Chunk0777 (19s)
✔ [11082/11879] Built Zeta23.ThmD.Sextuple.Macro.Chunks.Chunk0768 (6.1s)
✔ [11083/11879] Built Zeta23.ThmD.Sextuple.Macro.Chunks.Chunk0769 (11s)
✔ [11084/11879] Built Zeta23.ThmD.Sextuple.Macro.Chunks.Chunk0774 (18s)
✔ [11085/11879] Built Zeta23.ThmD.Sextuple.Macro.Chunks.Chunk0765 (7.2s)
✔ [11086/11879] Built Zeta23.ThmD.Sextuple.Macro.Chunks.Chunk0773 (22s)
✔ [11087/11879] Built Zeta23.ThmD.Sextuple.Macro.Chunks.Chunk0771 (20s)
✔ [11088/11879] Built Zeta23.ThmD.Sextuple.Macro.Chunks.Chunk0770 (21s)
✔ [11089/11879] Built Zeta23.ThmD.Sextuple.Macro.Chunks.Chunk0764 (12s)
✔ [11090/11879] Built Zeta23.ThmD.Sextuple.Macro.Chunks.Chunk0760 (8.2s)
✔ [11091/11879] Built Zeta23.ThmD.Sextuple.Macro.Chunks.Chunk0763 (14s)
✔ [11092/11879] Built Zeta23.ThmD.Sextuple.Macro.Chunks.Chunk0757 (4.8s)
✔ [11093/11879] Built Zeta23.ThmD.Sextuple.Macro.Chunks.Chunk0767 (21s)
✔ [11094/11879] Built Zeta23.ThmD.Sextuple.Macro.Chunks.Chunk0758 (7.6s)
✔ [11095/11879] Built Zeta23.ThmD.Sextuple.Macro.Chunks.Chunk0756 (5.2s)
✔ [11096/11879] Built Zeta23.ThmD.Sextuple.Macro.Chunks.Chunk0761 (17s)
✔ [11097/11879] Built Zeta23.ThmD.Sextuple.Macro.Chunks.Chunk0755 (4.6s)
✔ [11098/11879] Built Zeta23.ThmD.Sextuple.Macro.Chunks.Chunk0766 (22s)
✔ [11099/11879] Built Zeta23.ThmD.Sextuple.Macro.Chunks.Chunk0759 (14s)
✔ [11100/11879] Built Zeta23.ThmD.Sextuple.Macro.Chunks.Chunk0751 (5.4s)
✔ [11101/11879] Built Zeta23.ThmD.Sextuple.Macro.Chunks.Chunk0754 (7.2s)
✔ [11102/11879] Built Zeta23.ThmD.Sextuple.Macro.Chunks.Chunk0762 (20s)
✔ [11103/11879] Built Zeta23.ThmD.Sextuple.Macro.Chunks.Chunk0753 (9.8s)
✔ [11104/11879] Built Zeta23.ThmD.Sextuple.Macro.Chunks.Chunk0749 (7.1s)
✔ [11105/11879] Built Zeta23.ThmD.Sextuple.Macro.Chunks.Chunk0743 (5.7s)
✔ [11106/11879] Built Zeta23.ThmD.Sextuple.Macro.Chunks.Chunk0750 (13s)
✔ [11107/11879] Built Zeta23.ThmD.Sextuple.Macro.Chunks.Chunk0748 (13s)
✔ [11108/11879] Built Zeta23.ThmD.Sextuple.Macro.Chunks.Chunk0746 (12s)
✔ [11109/11879] Built Zeta23.ThmD.Sextuple.Macro.Chunks.Chunk0744 (12s)
✔ [11110/11879] Built Zeta23.ThmD.Sextuple.Macro.Chunks.Chunk0740 (6.9s)
✔ [11111/11879] Built Zeta23.ThmD.Sextuple.Macro.Chunks.Chunk0747 (15s)
✔ [11112/11879] Built Zeta23.ThmD.Sextuple.Macro.Chunks.Chunk0741 (12s)
✔ [11113/11879] Built Zeta23.ThmD.Sextuple.Macro.Chunks.Chunk0752 (23s)
✔ [11114/11879] Built Zeta23.ThmD.Sextuple.Macro.Chunks.Chunk0742 (14s)
✔ [11115/11879] Built Zeta23.ThmD.Sextuple.Macro.Chunks.Chunk0745 (18s)
✔ [11116/11879] Built Zeta23.ThmD.Sextuple.Macro.Chunks.Chunk0739 (13s)
✔ [11117/11879] Built Zeta23.ThmD.Sextuple.Macro.Chunks.Chunk0735 (9.4s)
✔ [11118/11879] Built Zeta23.ThmD.Sextuple.Macro.Chunks.Chunk0733 (8.4s)
✔ [11119/11879] Built Zeta23.ThmD.Sextuple.Macro.Chunks.Chunk0738 (14s)
✔ [11120/11879] Built Zeta23.ThmD.Sextuple.Macro.Chunks.Chunk0736 (13s)
✔ [11121/11879] Built Zeta23.ThmD.Sextuple.Macro.Chunks.Chunk0737 (15s)
✔ [11122/11879] Built Zeta23.ThmD.Sextuple.Macro.Chunks.Chunk0732 (12s)
✔ [11123/11879] Built Zeta23.ThmD.Sextuple.Macro.Chunks.Chunk0730 (11s)
✔ [11124/11879] Built Zeta23.ThmD.Sextuple.Macro.Chunks.Chunk0734 (21s)
✔ [11125/11879] Built Zeta23.ThmD.Sextuple.Macro.Chunks.Chunk0727 (10s)
✔ [11126/11879] Built Zeta23.ThmD.Sextuple.Macro.Chunks.Chunk0729 (17s)
✔ [11127/11879] Built Zeta23.ThmD.Sextuple.Macro.Chunks.Chunk0726 (16s)
✔ [11128/11879] Built Zeta23.ThmD.Sextuple.Macro.Chunks.Chunk0731 (22s)
✔ [11129/11879] Built Zeta23.ThmD.Sextuple.Macro.Chunks.Chunk0724 (14s)
✔ [11130/11879] Built Zeta23.ThmD.Sextuple.Macro.Chunks.Chunk0728 (22s)
✔ [11131/11879] Built Zeta23.ThmD.Sextuple.Macro.Chunks.Chunk0721 (10s)
✔ [11132/11879] Built Zeta23.ThmD.Sextuple.Macro.Chunks.Chunk0712 (5.7s)
✔ [11133/11879] Built Zeta23.ThmD.Sextuple.Macro.Chunks.Chunk0723 (16s)
✔ [11134/11879] Built Zeta23.ThmD.Sextuple.Macro.Chunks.Chunk0720 (13s)
✔ [11135/11879] Built Zeta23.ThmD.Sextuple.Macro.Chunks.Chunk0725 (23s)
✔ [11136/11879] Built Zeta23.ThmD.Sextuple.Macro.Chunks.Chunk0713 (10s)
✔ [11137/11879] Built Zeta23.ThmD.Sextuple.Macro.Chunks.Chunk0722 (20s)
✔ [11138/11879] Built Zeta23.ThmD.Sextuple.Macro.Chunks.Chunk0711 (5.2s)
✔ [11139/11879] Built Zeta23.ThmD.Sextuple.Macro.Chunks.Chunk0710 (5.0s)
✔ [11140/11879] Built Zeta23.ThmD.Sextuple.Macro.Chunks.Chunk0716 (9.1s)
✔ [11141/11879] Built Zeta23.ThmD.Sextuple.Macro.Chunks.Chunk0717 (10s)
✔ [11142/11879] Built Zeta23.ThmD.Sextuple.Macro.Chunks.Chunk0718 (15s)
✔ [11143/11879] Built Zeta23.ThmD.Sextuple.Macro.Chunks.Chunk0707 (5.0s)
✔ [11144/11879] Built Zeta23.ThmD.Sextuple.Macro.Chunks.Chunk0706 (5.0s)
✔ [11145/11879] Built Zeta23.ThmD.Sextuple.Macro.Chunks.Chunk0719 (17s)
✔ [11146/11879] Built Zeta23.ThmD.Sextuple.Macro.Chunks.Chunk0709 (9.5s)
✔ [11147/11879] Built Zeta23.ThmD.Sextuple.Macro.Chunks.Chunk0715 (14s)
✔ [11148/11879] Built Zeta23.ThmD.Sextuple.Macro.Chunks.Chunk0714 (16s)
✔ [11149/11879] Built Zeta23.ThmD.Sextuple.Macro.Chunks.Chunk0705 (10s)
✔ [11150/11879] Built Zeta23.ThmD.Sextuple.Macro.Chunks.Chunk0697 (6.1s)
✔ [11151/11879] Built Zeta23.ThmD.Sextuple.Macro.Chunks.Chunk0708 (18s)
✔ [11152/11879] Built Zeta23.ThmD.Sextuple.Macro.Chunks.Chunk0696 (5.8s)
✔ [11153/11879] Built Zeta23.ThmD.Sextuple.Macro.Chunks.Chunk0702 (11s)
✔ [11154/11879] Built Zeta23.ThmD.Sextuple.Macro.Chunks.Chunk0698 (12s)
✔ [11155/11879] Built Zeta23.ThmD.Sextuple.Macro.Chunks.Chunk0699 (16s)
✔ [11156/11879] Built Zeta23.ThmD.Sextuple.Macro.Chunks.Chunk0704 (19s)
✔ [11157/11879] Built Zeta23.ThmD.Sextuple.Macro.Chunks.Chunk0692 (5.7s)
✔ [11158/11879] Built Zeta23.ThmD.Sextuple.Macro.Chunks.Chunk0700 (18s)
✔ [11159/11879] Built Zeta23.ThmD.Sextuple.Macro.Chunks.Chunk0703 (20s)
✔ [11160/11879] Built Zeta23.ThmD.Sextuple.Macro.Chunks.Chunk0691 (4.7s)
✔ [11161/11879] Built Zeta23.ThmD.Sextuple.Macro.Chunks.Chunk0694 (10s)
✔ [11162/11879] Built Zeta23.ThmD.Sextuple.Macro.Chunks.Chunk0701 (21s)
✔ [11163/11879] Built Zeta23.ThmD.Sextuple.Macro.Chunks.Chunk0689 (5.5s)
✔ [11164/11879] Built Zeta23.ThmD.Sextuple.Macro.Chunks.Chunk0690 (5.5s)
✔ [11165/11879] Built Zeta23.ThmD.Sextuple.Macro.Chunks.Chunk0688 (5.9s)
✔ [11166/11879] Built Zeta23.ThmD.Sextuple.Macro.Chunks.Chunk0687 (5.7s)
✔ [11167/11879] Built Zeta23.ThmD.Sextuple.Macro.Chunks.Chunk0693 (12s)
✔ [11168/11879] Built Zeta23.ThmD.Sextuple.Macro.Chunks.Chunk0695 (18s)
✔ [11169/11879] Built Zeta23.ThmD.Sextuple.Macro.Chunks.Chunk0680 (6.3s)
✔ [11170/11879] Built Zeta23.ThmD.Sextuple.Macro.Chunks.Chunk0679 (6.1s)
✔ [11171/11879] Built Zeta23.ThmD.Sextuple.Macro.Chunks.Chunk0686 (11s)
✔ [11172/11879] Built Zeta23.ThmD.Sextuple.Macro.Chunks.Chunk0677 (4.4s)
✔ [11173/11879] Built Zeta23.ThmD.Sextuple.Macro.Chunks.Chunk0683 (10s)
✔ [11174/11879] Built Zeta23.ThmD.Sextuple.Macro.Chunks.Chunk0685 (14s)
✔ [11175/11879] Built Zeta23.ThmD.Sextuple.Macro.Chunks.Chunk0673 (5.1s)
✔ [11176/11879] Built Zeta23.ThmD.Sextuple.Macro.Chunks.Chunk0672 (5.3s)
✔ [11177/11879] Built Zeta23.ThmD.Sextuple.Macro.Chunks.Chunk0684 (17s)
✔ [11178/11879] Built Zeta23.ThmD.Sextuple.Macro.Chunks.Chunk0676 (9.7s)
✔ [11179/11879] Built Zeta23.ThmD.Sextuple.Macro.Chunks.Chunk0682 (17s)
✔ [11180/11879] Built Zeta23.ThmD.Sextuple.Macro.Chunks.Chunk0681 (17s)
✔ [11181/11879] Built Zeta23.ThmD.Sextuple.Macro.Chunks.Chunk0671 (9.1s)
✔ [11182/11879] Built Zeta23.ThmD.Sextuple.Macro.Chunks.Chunk0670 (5.2s)
✔ [11183/11879] Built Zeta23.ThmD.Sextuple.Macro.Chunks.Chunk0675 (13s)
✔ [11184/11879] Built Zeta23.ThmD.Sextuple.Macro.Chunks.Chunk0669 (5.9s)
✔ [11185/11879] Built Zeta23.ThmD.Sextuple.Macro.Chunks.Chunk0678 (19s)
✔ [11186/11879] Built Zeta23.ThmD.Sextuple.Macro.Chunks.Chunk0674 (16s)
✔ [11187/11879] Built Zeta23.ThmD.Sextuple.Macro.Chunks.Chunk0662 (5.9s)
✔ [11188/11879] Built Zeta23.ThmD.Sextuple.Macro.Chunks.Chunk0665 (9.9s)
✔ [11189/11879] Built Zeta23.ThmD.Sextuple.Macro.Chunks.Chunk0660 (5.8s)
✔ [11190/11879] Built Zeta23.ThmD.Sextuple.Macro.Chunks.Chunk0661 (5.8s)
✔ [11191/11879] Built Zeta23.ThmD.Sextuple.Macro.Chunks.Chunk0668 (11s)
✔ [11192/11879] Built Zeta23.ThmD.Sextuple.Macro.Chunks.Chunk0666 (11s)
✔ [11193/11879] Built Zeta23.ThmD.Sextuple.Macro.Chunks.Chunk0656 (5.9s)
✔ [11194/11879] Built Zeta23.ThmD.Sextuple.Macro.Chunks.Chunk0659 (8.0s)
✔ [11195/11879] Built Zeta23.ThmD.Sextuple.Macro.Chunks.Chunk0667 (17s)
✔ [11196/11879] Built Zeta23.ThmD.Sextuple.Macro.Chunks.Chunk0664 (14s)
✔ [11197/11879] Built Zeta23.ThmD.Sextuple.Macro.Chunks.Chunk0663 (15s)
✔ [11198/11879] Built Zeta23.ThmD.Sextuple.Macro.Chunks.Chunk0654 (9.2s)
✔ [11199/11879] Built Zeta23.ThmD.Sextuple.Macro.Chunks.Chunk0658 (11s)
✔ [11200/11879] Built Zeta23.ThmD.Sextuple.Macro.Chunks.Chunk0650 (5.1s)
✔ [11201/11879] Built Zeta23.ThmD.Sextuple.Macro.Chunks.Chunk0649 (5.2s)
✔ [11202/11879] Built Zeta23.ThmD.Sextuple.Macro.Chunks.Chunk0653 (14s)
✔ [11203/11879] Built Zeta23.ThmD.Sextuple.Macro.Chunks.Chunk0648 (9.5s)
✔ [11204/11879] Built Zeta23.ThmD.Sextuple.Macro.Chunks.Chunk0657 (16s)
✔ [11205/11879] Built Zeta23.ThmD.Sextuple.Macro.Chunks.Chunk0655 (18s)
✔ [11206/11879] Built Zeta23.ThmD.Sextuple.Macro.Chunks.Chunk0639 (4.8s)
✔ [11207/11879] Built Zeta23.ThmD.Sextuple.Macro.Chunks.Chunk0638 (4.2s)
✔ [11208/11879] Built Zeta23.ThmD.Sextuple.Macro.Chunks.Chunk0643 (12s)
✔ [11209/11879] Built Zeta23.ThmD.Sextuple.Macro.Chunks.Chunk0645 (14s)
✔ [11210/11879] Built Zeta23.ThmD.Sextuple.Macro.Chunks.Chunk0644 (14s)
✔ [11211/11879] Built Zeta23.ThmD.Sextuple.Macro.Chunks.Chunk0647 (17s)
✔ [11212/11879] Built Zeta23.ThmD.Sextuple.Macro.Chunks.Chunk0637 (4.2s)
✔ [11213/11879] Built Zeta23.ThmD.Sextuple.Macro.Chunks.Chunk0642 (15s)
✔ [11214/11879] Built Zeta23.ThmD.Sextuple.Macro.Chunks.Chunk0636 (4.5s)
✔ [11215/11879] Built Zeta23.ThmD.Sextuple.Macro.Chunks.Chunk0646 (18s)
✔ [11216/11879] Built Zeta23.ThmD.Sextuple.Macro.Chunks.Chunk0640 (14s)
✔ [11217/11879] Built Zeta23.ThmD.Sextuple.Macro.Chunks.Chunk0633 (5.8s)
✔ [11218/11879] Built Zeta23.ThmD.Sextuple.Macro.Chunks.Chunk0641 (15s)
✔ [11219/11879] Built Zeta23.ThmD.Sextuple.Macro.Chunks.Chunk0632 (6.0s)
✔ [11220/11879] Built Zeta23.ThmD.Sextuple.Macro.Chunks.Chunk0631 (6.2s)
✔ [11221/11879] Built Zeta23.ThmD.Sextuple.Macro.Chunks.Chunk0628 (5.7s)
✔ [11222/11879] Built Zeta23.ThmD.Sextuple.Macro.Chunks.Chunk0635 (9.9s)
✔ [11223/11879] Built Zeta23.ThmD.Sextuple.Macro.Chunks.Chunk0627 (6.2s)
✔ [11224/11879] Built Zeta23.ThmD.Sextuple.Macro.Chunks.Chunk0625 (6.6s)
✔ [11225/11879] Built Zeta23.ThmD.Sextuple.Macro.Chunks.Chunk0630 (11s)
✔ [11226/11879] Built Zeta23.ThmD.Sextuple.Macro.Chunks.Chunk0621 (5.8s)
✔ [11227/11879] Built Zeta23.ThmD.Sextuple.Macro.Chunks.Chunk0622 (6.2s)
✔ [11228/11879] Built Zeta23.ThmD.Sextuple.Macro.Chunks.Chunk0626 (8.0s)
✔ [11229/11879] Built Zeta23.ThmD.Sextuple.Macro.Chunks.Chunk0597 (5.6s)
✔ [11230/11879] Built Zeta23.ThmD.Sextuple.Macro.Chunks.Chunk0596 (5.0s)
✔ [11231/11879] Built Zeta23.ThmD.Sextuple.Macro.Chunks.Chunk0634 (20s)
✔ [11232/11879] Built Zeta23.ThmD.Sextuple.Macro.Chunks.Chunk0593 (5.6s)
✔ [11233/11879] Built Zeta23.ThmD.Sextuple.Macro.Chunks.Chunk0595 (6.8s)
✔ [11234/11879] Built Zeta23.ThmD.Sextuple.Macro.Chunks.Chunk0629 (18s)
✔ [11235/11879] Built Zeta23.ThmD.Sextuple.Macro.Chunks.Chunk0594 (7.6s)
✔ [11236/11879] Built Zeta23.ThmD.Sextuple.Macro.Chunks.Chunk0624 (17s)
✔ [11237/11879] Built Zeta23.ThmD.Sextuple.Macro.Chunks.Chunk0623 (17s)
✔ [11238/11879] Built Zeta23.ThmD.Sextuple.Macro.Chunks.Chunk0592 (6.0s)
✔ [11239/11879] Built Zeta23.ThmD.Sextuple.Macro.Chunks.Chunk0612 (13s)
✔ [11240/11879] Built Zeta23.ThmD.Sextuple.Macro.Chunks.Chunk0591 (5.0s)
✔ [11241/11879] Built Zeta23.ThmD.Sextuple.Macro.Chunks.Chunk0608 (6.3s)
✔ [11242/11879] Built Zeta23.ThmD.Sextuple.Macro.Chunks.Chunk0607 (6.2s)
✔ [11243/11879] Built Zeta23.ThmD.Sextuple.Macro.Chunks.Chunk0611 (8.3s)
✔ [11244/11879] Built Zeta23.ThmD.Sextuple.Macro.Chunks.Chunk0602 (5.4s)
✔ [11245/11879] Built Zeta23.ThmD.Sextuple.Macro.Chunks.Chunk0609 (10s)
✔ [11246/11879] Built Zeta23.ThmD.Sextuple.Macro.Chunks.Chunk0601 (5.2s)
✔ [11247/11879] Built Zeta23.ThmD.Sextuple.Macro.Chunks.Chunk0604 (8.7s)
✔ [11248/11879] Built Zeta23.ThmD.Sextuple.Macro.Chunks.Chunk0599 (4.9s)
✔ [11249/11879] Built Zeta23.ThmD.Sextuple.Macro.Chunks.Chunk0605 (9.5s)
✔ [11250/11879] Built Zeta23.ThmD.Sextuple.Macro.Chunks.Chunk0603 (10s)
✔ [11251/11879] Built Zeta23.ThmD.Sextuple.Macro.Chunks.Chunk0610 (17s)
✔ [11252/11879] Built Zeta23.ThmD.Sextuple.Macro.Chunks.Chunk0600 (10s)
✔ [11253/11879] Built Zeta23.ThmD.Sextuple.Macro.Chunks.Chunk0587 (5.5s)
✔ [11254/11879] Built Zeta23.ThmD.Sextuple.Macro.Chunks.Chunk0586 (5.5s)
✔ [11255/11879] Built Zeta23.ThmD.Sextuple.Macro.Chunks.Chunk0590 (7.2s)
✔ [11256/11879] Built Zeta23.ThmD.Sextuple.Macro.Chunks.Chunk0585 (4.7s)
✔ [11257/11879] Built Zeta23.ThmD.Sextuple.Macro.Chunks.Chunk0598 (10s)
✔ [11258/11879] Built Zeta23.ThmD.Sextuple.Macro.Chunks.Chunk0581 (6.1s)
✔ [11259/11879] Built Zeta23.ThmD.Sextuple.Macro.Chunks.Chunk0578 (4.0s)
✔ [11260/11879] Built Zeta23.ThmD.Sextuple.Macro.Chunks.Chunk0589 (14s)
✔ [11261/11879] Built Zeta23.ThmD.Sextuple.Macro.Chunks.Chunk0606 (23s)
✔ [11262/11879] Built Zeta23.ThmD.Sextuple.Macro.Chunks.Chunk0588 (14s)
✔ [11263/11879] Built Zeta23.ThmD.Sextuple.Macro.Chunks.Chunk0579 (9.0s)
✔ [11264/11879] Built Zeta23.ThmD.Sextuple.Macro.Chunks.Chunk0577 (4.6s)
✔ [11265/11879] Built Zeta23.ThmD.Sextuple.Macro.Chunks.Chunk0583 (12s)
✔ [11266/11879] Built Zeta23.ThmD.Sextuple.Macro.Chunks.Chunk0576 (5.8s)
✔ [11267/11879] Built Zeta23.ThmD.Sextuple.Macro.Chunks.Chunk0575 (6.0s)
✔ [11268/11879] Built Zeta23.ThmD.Sextuple.Macro.Chunks.Chunk0584 (14s)
✔ [11269/11879] Built Zeta23.ThmD.Sextuple.Macro.Chunks.Chunk0571 (5.7s)
✔ [11270/11879] Built Zeta23.ThmD.Sextuple.Macro.Chunks.Chunk0570 (5.8s)
✔ [11271/11879] Built Zeta23.ThmD.Sextuple.Macro.Chunks.Chunk0580 (18s)
✔ [11272/11879] Built Zeta23.ThmD.Sextuple.Macro.Chunks.Chunk0582 (19s)
✔ [11273/11879] Built Zeta23.ThmD.Sextuple.Macro.Chunks.Chunk0566 (4.5s)
✔ [11274/11879] Built Zeta23.ThmD.Sextuple.Macro.Chunks.Chunk0573 (12s)
✔ [11275/11879] Built Zeta23.ThmD.Sextuple.Macro.Chunks.Chunk0568 (8.0s)
✔ [11276/11879] Built Zeta23.ThmD.Sextuple.Macro.Chunks.Chunk0565 (5.5s)
✔ [11277/11879] Built Zeta23.ThmD.Sextuple.Macro.Chunks.Chunk0564 (5.6s)
✔ [11278/11879] Built Zeta23.ThmD.Sextuple.Macro.Chunks.Chunk0567 (10s)
✔ [11279/11879] Built Zeta23.ThmD.Sextuple.Macro.Chunks.Chunk0572 (16s)
✔ [11280/11879] Built Zeta23.ThmD.Sextuple.Macro.Chunks.Chunk0563 (8.0s)
✔ [11281/11879] Built Zeta23.ThmD.Sextuple.Macro.Chunks.Chunk0560 (5.5s)
✔ [11282/11879] Built Zeta23.ThmD.Sextuple.Macro.Chunks.Chunk0557 (5.4s)
✔ [11283/11879] Built Zeta23.ThmD.Sextuple.Macro.Chunks.Chunk0556 (4.5s)
✔ [11284/11879] Built Zeta23.ThmD.Sextuple.Macro.Chunks.Chunk0574 (23s)
✔ [11285/11879] Built Zeta23.ThmD.Sextuple.Macro.Chunks.Chunk0561 (11s)
✔ [11286/11879] Built Zeta23.ThmD.Sextuple.Macro.Chunks.Chunk0569 (20s)
✔ [11287/11879] Built Zeta23.ThmD.Sextuple.Macro.Chunks.Chunk0553 (5.1s)
✔ [11288/11879] Built Zeta23.ThmD.Sextuple.Macro.Chunks.Chunk0559 (12s)
✔ [11289/11879] Built Zeta23.ThmD.Sextuple.Macro.Chunks.Chunk0551 (5.7s)
✔ [11290/11879] Built Zeta23.ThmD.Sextuple.Macro.Chunks.Chunk0554 (9.7s)
✔ [11291/11879] Built Zeta23.ThmD.Sextuple.Macro.Chunks.Chunk0558 (14s)
✔ [11292/11879] Built Zeta23.ThmD.Sextuple.Macro.Chunks.Chunk0549 (5.6s)
✔ [11293/11879] Built Zeta23.ThmD.Sextuple.Macro.Chunks.Chunk0548 (5.3s)
✔ [11294/11879] Built Zeta23.ThmD.Sextuple.Macro.Chunks.Chunk0562 (19s)
✔ [11295/11879] Built Zeta23.ThmD.Sextuple.Macro.Chunks.Chunk0547 (5.1s)
✔ [11296/11879] Built Zeta23.ThmD.Sextuple.Macro.Chunks.Chunk0546 (5.8s)
✔ [11297/11879] Built Zeta23.ThmD.Sextuple.Macro.Chunks.Chunk0545 (5.8s)
✔ [11298/11879] Built Zeta23.ThmD.Sextuple.Macro.Chunks.Chunk0552 (14s)
✔ [11299/11879] Built Zeta23.ThmD.Sextuple.Macro.Chunks.Chunk0543 (6.4s)
✔ [11300/11879] Built Zeta23.ThmD.Sextuple.Macro.Chunks.Chunk0541 (5.0s)
✔ [11301/11879] Built Zeta23.ThmD.Sextuple.Macro.Chunks.Chunk0550 (14s)
✔ [11302/11879] Built Zeta23.ThmD.Sextuple.Macro.Chunks.Chunk0555 (18s)
✔ [11303/11879] Built Zeta23.ThmD.Sextuple.Macro.Chunks.Chunk0544 (9.2s)
✔ [11304/11879] Built Zeta23.ThmD.Sextuple.Macro.Chunks.Chunk0542 (8.6s)
✔ [11305/11879] Built Zeta23.ThmD.Sextuple.Macro.Chunks.Chunk0539 (5.5s)
✔ [11306/11879] Built Zeta23.ThmD.Sextuple.Macro.Chunks.Chunk0536 (5.0s)
✔ [11307/11879] Built Zeta23.ThmD.Sextuple.Macro.Chunks.Chunk0534 (6.4s)
✔ [11308/11879] Built Zeta23.ThmD.Sextuple.Macro.Chunks.Chunk0533 (6.5s)
✔ [11309/11879] Built Zeta23.ThmD.Sextuple.Macro.Chunks.Chunk0532 (6.3s)
✔ [11310/11879] Built Zeta23.ThmD.Sextuple.Macro.Chunks.Chunk0531 (6.9s)
✔ [11311/11879] Built Zeta23.ThmD.Sextuple.Macro.Chunks.Chunk0529 (5.2s)
✔ [11312/11879] Built Zeta23.ThmD.Sextuple.Macro.Chunks.Chunk0538 (13s)
✔ [11313/11879] Built Zeta23.ThmD.Sextuple.Macro.Chunks.Chunk0540 (17s)
✔ [11314/11879] Built Zeta23.ThmD.Sextuple.Macro.Chunks.Chunk0535 (14s)
✔ [11315/11879] Built Zeta23.ThmD.Sextuple.Macro.Chunks.Chunk0524 (5.1s)
✔ [11316/11879] Built Zeta23.ThmD.Sextuple.Macro.Chunks.Chunk0530 (14s)
✔ [11317/11879] Built Zeta23.ThmD.Sextuple.Macro.Chunks.Chunk0537 (19s)
✔ [11318/11879] Built Zeta23.ThmD.Sextuple.Macro.Chunks.Chunk0523 (7.5s)
✔ [11319/11879] Built Zeta23.ThmD.Sextuple.Macro.Chunks.Chunk0526 (11s)
✔ [11320/11879] Built Zeta23.ThmD.Sextuple.Macro.Chunks.Chunk0521 (5.0s)
✔ [11321/11879] Built Zeta23.ThmD.Sextuple.Macro.Chunks.Chunk0520 (5.1s)
✔ [11322/11879] Built Zeta23.ThmD.Sextuple.Macro.Chunks.Chunk0528 (14s)
✔ [11323/11879] Built Zeta23.ThmD.Sextuple.Macro.Chunks.Chunk0527 (14s)
✔ [11324/11879] Built Zeta23.ThmD.Sextuple.Macro.Chunks.Chunk0519 (6.0s)
✔ [11325/11879] Built Zeta23.ThmD.Sextuple.Macro.Chunks.Chunk0514 (5.6s)
✔ [11326/11879] Built Zeta23.ThmD.Sextuple.Macro.Chunks.Chunk0518 (6.4s)
✔ [11327/11879] Built Zeta23.ThmD.Sextuple.Macro.Chunks.Chunk0512 (5.8s)
✔ [11328/11879] Built Zeta23.ThmD.Sextuple.Macro.Chunks.Chunk0491 (5.8s)
✔ [11329/11879] Built Zeta23.ThmD.Sextuple.Macro.Chunks.Chunk0478 (5.6s)
✔ [11330/11879] Built Zeta23.ThmD.Sextuple.Macro.Chunks.Chunk0477 (5.6s)
✔ [11331/11879] Built Zeta23.ThmD.Sextuple.Macro.Chunks.Chunk0476 (5.6s)
✔ [11332/11879] Built Zeta23.ThmD.Sextuple.Macro.Chunks.Chunk0474 (5.3s)
✔ [11333/11879] Built Zeta23.ThmD.Sextuple.Macro.Chunks.Chunk0473 (5.5s)
✔ [11334/11879] Built Zeta23.ThmD.Sextuple.Macro.Chunks.Chunk0475 (7.8s)
✔ [11335/11879] Built Zeta23.ThmD.Sextuple.Macro.Chunks.Chunk0525 (22s)
✔ [11336/11879] Built Zeta23.ThmD.Sextuple.Macro.Chunks.Chunk0471 (5.7s)
✔ [11337/11879] Built Zeta23.ThmD.Sextuple.Macro.Chunks.Chunk0522 (20s)
✔ [11338/11879] Built Zeta23.ThmD.Sextuple.Macro.Chunks.Chunk0472 (7.6s)
✔ [11339/11879] Built Zeta23.ThmD.Sextuple.Macro.Chunks.Chunk0513 (15s)
✔ [11340/11879] Built Zeta23.ThmD.Sextuple.Macro.Chunks.Chunk0511 (5.8s)
✔ [11341/11879] Built Zeta23.ThmD.Sextuple.Macro.Chunks.Chunk0510 (6.0s)
✔ [11342/11879] Built Zeta23.ThmD.Sextuple.Macro.Chunks.Chunk0507 (6.4s)
✔ [11343/11879] Built Zeta23.ThmD.Sextuple.Macro.Chunks.Chunk0505 (5.8s)
✔ [11344/11879] Built Zeta23.ThmD.Sextuple.Macro.Chunks.Chunk0504 (5.2s)
✔ [11345/11879] Built Zeta23.ThmD.Sextuple.Macro.Chunks.Chunk0516 (13s)
✔ [11346/11879] Built Zeta23.ThmD.Sextuple.Macro.Chunks.Chunk0517 (14s)
✔ [11347/11879] Built Zeta23.ThmD.Sextuple.Macro.Chunks.Chunk0503 (4.0s)
✔ [11348/11879] Built Zeta23.ThmD.Sextuple.Macro.Chunks.Chunk0508 (10s)
✔ [11349/11879] Built Zeta23.ThmD.Sextuple.Macro.Chunks.Chunk0506 (11s)
✔ [11350/11879] Built Zeta23.ThmD.Sextuple.Macro.Chunks.Chunk0501 (8.5s)
✔ [11351/11879] Built Zeta23.ThmD.Sextuple.Macro.Chunks.Chunk0502 (9.2s)
✔ [11352/11879] Built Zeta23.ThmD.Sextuple.Macro.Chunks.Chunk0498 (6.5s)
✔ [11353/11879] Built Zeta23.ThmD.Sextuple.Macro.Chunks.Chunk0497 (6.5s)
✔ [11354/11879] Built Zeta23.ThmD.Sextuple.Macro.Chunks.Chunk0509 (18s)
✔ [11355/11879] Built Zeta23.ThmD.Sextuple.Macro.Chunks.Chunk0515 (22s)
✔ [11356/11879] Built Zeta23.ThmD.Sextuple.Macro.Chunks.Chunk0495 (7.5s)
✔ [11357/11879] Built Zeta23.ThmD.Sextuple.Macro.Chunks.Chunk0494 (6.2s)
✔ [11358/11879] Built Zeta23.ThmD.Sextuple.Macro.Chunks.Chunk0493 (6.5s)
✔ [11359/11879] Built Zeta23.ThmD.Sextuple.Macro.Chunks.Chunk0490 (6.4s)
✔ [11360/11879] Built Zeta23.ThmD.Sextuple.Macro.Chunks.Chunk0489 (6.1s)
✔ [11361/11879] Built Zeta23.ThmD.Sextuple.Macro.Chunks.Chunk0499 (14s)
✔ [11362/11879] Built Zeta23.ThmD.Sextuple.Macro.Chunks.Chunk0486 (5.4s)
✔ [11363/11879] Built Zeta23.ThmD.Sextuple.Macro.Chunks.Chunk0500 (18s)
✔ [11364/11879] Built Zeta23.ThmD.Sextuple.Macro.Chunks.Chunk0483 (5.7s)
✔ [11365/11879] Built Zeta23.ThmD.Sextuple.Macro.Chunks.Chunk0488 (10s)
✔ [11366/11879] Built Zeta23.ThmD.Sextuple.Macro.Chunks.Chunk0492 (12s)
✔ [11367/11879] Built Zeta23.ThmD.Sextuple.Macro.Chunks.Chunk0496 (19s)
✔ [11368/11879] Built Zeta23.ThmD.Sextuple.Macro.Chunks.Chunk0482 (5.1s)
✔ [11369/11879] Built Zeta23.ThmD.Sextuple.Macro.Chunks.Chunk0485 (11s)
✔ [11370/11879] Built Zeta23.ThmD.Sextuple.Macro.Chunks.Chunk0479 (6.8s)
✔ [11371/11879] Built Zeta23.ThmD.Sextuple.Macro.Chunks.Chunk0467 (6.7s)
✔ [11372/11879] Built Zeta23.ThmD.Sextuple.Macro.Chunks.Chunk0470 (7.0s)
✔ [11373/11879] Built Zeta23.ThmD.Sextuple.Macro.Chunks.Chunk0481 (10s)
✔ [11374/11879] Built Zeta23.ThmD.Sextuple.Macro.Chunks.Chunk0484 (16s)
✔ [11375/11879] Built Zeta23.ThmD.Sextuple.Macro.Chunks.Chunk0463 (5.1s)
✔ [11376/11879] Built Zeta23.ThmD.Sextuple.Macro.Chunks.Chunk0464 (5.2s)
✔ [11377/11879] Built Zeta23.ThmD.Sextuple.Macro.Chunks.Chunk0487 (21s)
✔ [11378/11879] Built Zeta23.ThmD.Sextuple.Macro.Chunks.Chunk0469 (12s)
✔ [11379/11879] Built Zeta23.ThmD.Sextuple.Macro.Chunks.Chunk0480 (14s)
✔ [11380/11879] Built Zeta23.ThmD.Sextuple.Macro.Chunks.Chunk0468 (13s)
✔ [11381/11879] Built Zeta23.ThmD.Sextuple.Macro.Chunks.Chunk0462 (4.0s)
✔ [11382/11879] Built Zeta23.ThmD.Sextuple.Macro.Chunks.Chunk0461 (4.8s)
✔ [11383/11879] Built Zeta23.ThmD.Sextuple.Macro.Chunks.Chunk0459 (6.9s)
✔ [11384/11879] Built Zeta23.ThmD.Sextuple.Macro.Chunks.Chunk0460 (6.9s)
✔ [11385/11879] Built Zeta23.ThmD.Sextuple.Macro.Chunks.Chunk0465 (12s)
✔ [11386/11879] Built Zeta23.ThmD.Sextuple.Macro.Chunks.Chunk0458 (6.8s)
✔ [11387/11879] Built Zeta23.ThmD.Sextuple.Macro.Chunks.Chunk0455 (6.7s)
✔ [11388/11879] Built Zeta23.ThmD.Sextuple.Macro.Chunks.Chunk0457 (8.5s)
✔ [11389/11879] Built Zeta23.ThmD.Sextuple.Macro.Chunks.Chunk0466 (16s)
✔ [11390/11879] Built Zeta23.ThmD.Sextuple.Macro.Chunks.Chunk0453 (7.5s)
✔ [11391/11879] Built Zeta23.ThmD.Sextuple.Macro.Chunks.Chunk0449 (6.1s)
✔ [11392/11879] Built Zeta23.ThmD.Sextuple.Macro.Chunks.Chunk0451 (6.4s)
✔ [11393/11879] Built Zeta23.ThmD.Sextuple.Macro.Chunks.Chunk0450 (7.3s)
✔ [11394/11879] Built Zeta23.ThmD.Sextuple.Macro.Chunks.Chunk0456 (13s)
✔ [11395/11879] Built Zeta23.ThmD.Sextuple.Macro.Chunks.Chunk0454 (12s)
✔ [11396/11879] Built Zeta23.ThmD.Sextuple.Macro.Chunks.Chunk0447 (6.2s)
✔ [11397/11879] Built Zeta23.ThmD.Sextuple.Macro.Chunks.Chunk0448 (7.0s)
✔ [11398/11879] Built Zeta23.ThmD.Sextuple.Macro.Chunks.Chunk0443 (5.9s)
✔ [11399/11879] Built Zeta23.ThmD.Sextuple.Macro.Chunks.Chunk0441 (6.4s)
✔ [11400/11879] Built Zeta23.ThmD.Sextuple.Macro.Chunks.Chunk0442 (6.4s)
✔ [11401/11879] Built Zeta23.ThmD.Sextuple.Macro.Chunks.Chunk0444 (8.3s)
✔ [11402/11879] Built Zeta23.ThmD.Sextuple.Macro.Chunks.Chunk0440 (7.3s)
✔ [11403/11879] Built Zeta23.ThmD.Sextuple.Macro.Chunks.Chunk0446 (12s)
✔ [11404/11879] Built Zeta23.ThmD.Sextuple.Macro.Chunks.Chunk0438 (6.0s)
✔ [11405/11879] Built Zeta23.ThmD.Sextuple.Macro.Chunks.Chunk0439 (10s)
✔ [11406/11879] Built Zeta23.ThmD.Sextuple.Macro.Chunks.Chunk0435 (5.8s)
✔ [11407/11879] Built Zeta23.ThmD.Sextuple.Macro.Chunks.Chunk0436 (5.8s)
✔ [11408/11879] Built Zeta23.ThmD.Sextuple.Macro.Chunks.Chunk0434 (6.8s)
✔ [11409/11879] Built Zeta23.ThmD.Sextuple.Macro.Chunks.Chunk0431 (6.8s)
✔ [11410/11879] Built Zeta23.ThmD.Sextuple.Macro.Chunks.Chunk0433 (7.8s)
✔ [11411/11879] Built Zeta23.ThmD.Sextuple.Macro.Chunks.Chunk0452 (22s)
✔ [11412/11879] Built Zeta23.ThmD.Sextuple.Macro.Chunks.Chunk0430 (4.8s)
✔ [11413/11879] Built Zeta23.ThmD.Sextuple.Macro.Chunks.Chunk0445 (21s)
✔ [11414/11879] Built Zeta23.ThmD.Sextuple.Macro.Chunks.Chunk0428 (5.4s)
✔ [11415/11879] Built Zeta23.ThmD.Sextuple.Macro.Chunks.Chunk0424 (6.1s)
✔ [11416/11879] Built Zeta23.ThmD.Sextuple.Macro.Chunks.Chunk0425 (6.9s)
✔ [11417/11879] Built Zeta23.ThmD.Sextuple.Macro.Chunks.Chunk0423 (6.7s)
✔ [11418/11879] Built Zeta23.ThmD.Sextuple.Macro.Chunks.Chunk0426 (9.8s)
✔ [11419/11879] Built Zeta23.ThmD.Sextuple.Macro.Chunks.Chunk0437 (20s)
✔ [11420/11879] Built Zeta23.ThmD.Sextuple.Macro.Chunks.Chunk0432 (18s)
✔ [11421/11879] Built Zeta23.ThmD.Sextuple.Macro.Chunks.Chunk0422 (10s)
✔ [11422/11879] Built Zeta23.ThmD.Sextuple.Macro.Chunks.Chunk0418 (5.0s)
✔ [11423/11879] Built Zeta23.ThmD.Sextuple.Macro.Chunks.Chunk0427 (15s)
✔ [11424/11879] Built Zeta23.ThmD.Sextuple.Macro.Chunks.Chunk0421 (11s)
✔ [11425/11879] Built Zeta23.ThmD.Sextuple.Macro.Chunks.Chunk0417 (4.7s)
✔ [11426/11879] Built Zeta23.ThmD.Sextuple.Macro.Chunks.Chunk0416 (5.7s)
✔ [11427/11879] Built Zeta23.ThmD.Sextuple.Macro.Chunks.Chunk0429 (19s)
✔ [11428/11879] Built Zeta23.ThmD.Sextuple.Macro.Chunks.Chunk0411 (5.3s)
✔ [11429/11879] Built Zeta23.ThmD.Sextuple.Macro.Chunks.Chunk0420 (10s)
✔ [11430/11879] Built Zeta23.ThmD.Sextuple.Macro.Chunks.Chunk0369 (5.6s)
✔ [11431/11879] Built Zeta23.ThmD.Sextuple.Macro.Chunks.Chunk0399 (6.5s)
✔ [11432/11879] Built Zeta23.ThmD.Sextuple.Macro.Chunks.Chunk0366 (5.8s)
✔ [11433/11879] Built Zeta23.ThmD.Sextuple.Macro.Chunks.Chunk0367 (5.9s)
✔ [11434/11879] Built Zeta23.ThmD.Sextuple.Macro.Chunks.Chunk0368 (5.0s)
✔ [11435/11879] Built Zeta23.ThmD.Sextuple.Macro.Chunks.Chunk0365 (6.3s)
✔ [11436/11879] Built Zeta23.ThmD.Sextuple.Macro.Chunks.Chunk0364 (6.2s)
✔ [11437/11879] Built Zeta23.ThmD.Sextuple.Macro.Chunks.Chunk0363 (6.1s)
✔ [11438/11879] Built Zeta23.ThmD.Sextuple.Macro.Chunks.Chunk0419 (16s)
✔ [11439/11879] Built Zeta23.ThmD.Sextuple.Macro.Chunks.Chunk0361 (6.5s)
✔ [11440/11879] Built Zeta23.ThmD.Sextuple.Macro.Chunks.Chunk0415 (6.4s)
✔ [11441/11879] Built Zeta23.ThmD.Sextuple.Macro.Chunks.Chunk0362 (8.9s)
✔ [11442/11879] Built Zeta23.ThmD.Sextuple.Macro.Chunks.Chunk0412 (7.8s)
✔ [11443/11879] Built Zeta23.ThmD.Sextuple.Macro.Chunks.Chunk0410 (6.3s)
✔ [11444/11879] Built Zeta23.ThmD.Sextuple.Macro.Chunks.Chunk0409 (6.1s)
✔ [11445/11879] Built Zeta23.ThmD.Sextuple.Macro.Chunks.Chunk0406 (5.9s)
✔ [11446/11879] Built Zeta23.ThmD.Sextuple.Macro.Chunks.Chunk0414 (10s)
✔ [11447/11879] Built Zeta23.ThmD.Sextuple.Macro.Chunks.Chunk0405 (5.6s)
✔ [11448/11879] Built Zeta23.ThmD.Sextuple.Macro.Chunks.Chunk0408 (8.5s)
✔ [11449/11879] Built Zeta23.ThmD.Sextuple.Macro.Chunks.Chunk0403 (5.0s)
✔ [11450/11879] Built Zeta23.ThmD.Sextuple.Macro.Chunks.Chunk0398 (5.7s)
✔ [11451/11879] Built Zeta23.ThmD.Sextuple.Macro.Chunks.Chunk0397 (6.1s)
✔ [11452/11879] Built Zeta23.ThmD.Sextuple.Macro.Chunks.Chunk0396 (5.5s)
✔ [11453/11879] Built Zeta23.ThmD.Sextuple.Macro.Chunks.Chunk0413 (19s)
✔ [11454/11879] Built Zeta23.ThmD.Sextuple.Macro.Chunks.Chunk0401 (10s)
✔ [11455/11879] Built Zeta23.ThmD.Sextuple.Macro.Chunks.Chunk0404 (14s)
✔ [11456/11879] Built Zeta23.ThmD.Sextuple.Macro.Chunks.Chunk0407 (17s)
✔ [11457/11879] Built Zeta23.ThmD.Sextuple.Macro.Chunks.Chunk0394 (5.7s)
✔ [11458/11879] Built Zeta23.ThmD.Sextuple.Macro.Chunks.Chunk0395 (10s)
✔ [11459/11879] Built Zeta23.ThmD.Sextuple.Macro.Chunks.Chunk0391 (5.0s)
✔ [11460/11879] Built Zeta23.ThmD.Sextuple.Macro.Chunks.Chunk0400 (14s)
✔ [11461/11879] Built Zeta23.ThmD.Sextuple.Macro.Chunks.Chunk0389 (5.4s)
✔ [11462/11879] Built Zeta23.ThmD.Sextuple.Macro.Chunks.Chunk0388 (5.4s)
✔ [11463/11879] Built Zeta23.ThmD.Sextuple.Macro.Chunks.Chunk0393 (9.6s)
✔ [11464/11879] Built Zeta23.ThmD.Sextuple.Macro.Chunks.Chunk0402 (18s)
✔ [11465/11879] Built Zeta23.ThmD.Sextuple.Macro.Chunks.Chunk0387 (5.3s)
✔ [11466/11879] Built Zeta23.ThmD.Sextuple.Macro.Chunks.Chunk0385 (4.9s)
✔ [11467/11879] Built Zeta23.ThmD.Sextuple.Macro.Chunks.Chunk0383 (5.6s)
✔ [11468/11879] Built Zeta23.ThmD.Sextuple.Macro.Chunks.Chunk0380 (6.0s)
✔ [11469/11879] Built Zeta23.ThmD.Sextuple.Macro.Chunks.Chunk0392 (15s)
✔ [11470/11879] Built Zeta23.ThmD.Sextuple.Macro.Chunks.Chunk0379 (5.9s)
✔ [11471/11879] Built Zeta23.ThmD.Sextuple.Macro.Chunks.Chunk0390 (15s)
✔ [11472/11879] Built Zeta23.ThmD.Sextuple.Macro.Chunks.Chunk0384 (12s)
✔ [11473/11879] Built Zeta23.ThmD.Sextuple.Macro.Chunks.Chunk0375 (5.3s)
✔ [11474/11879] Built Zeta23.ThmD.Sextuple.Macro.Chunks.Chunk0376 (5.4s)
✔ [11475/11879] Built Zeta23.ThmD.Sextuple.Macro.Chunks.Chunk0378 (10s)
✔ [11476/11879] Built Zeta23.ThmD.Sextuple.Macro.Chunks.Chunk0373 (4.3s)
✔ [11477/11879] Built Zeta23.ThmD.Sextuple.Macro.Chunks.Chunk0381 (13s)
✔ [11478/11879] Built Zeta23.ThmD.Sextuple.Macro.Chunks.Chunk0382 (14s)
✔ [11479/11879] Built Zeta23.ThmD.Sextuple.Macro.Chunks.Chunk0386 (18s)
✔ [11480/11879] Built Zeta23.ThmD.Sextuple.Macro.Chunks.Chunk0370 (5.8s)
✔ [11481/11879] Built Zeta23.ThmD.Sextuple.Macro.Chunks.Chunk0374 (12s)
✔ [11482/11879] Built Zeta23.ThmD.Sextuple.Macro.Chunks.Chunk0377 (15s)
✔ [11483/11879] Built Zeta23.ThmD.Sextuple.Macro.Chunks.Chunk0357 (5.8s)
✔ [11484/11879] Built Zeta23.ThmD.Sextuple.Macro.Chunks.Chunk0356 (5.5s)
✔ [11485/11879] Built Zeta23.ThmD.Sextuple.Macro.Chunks.Chunk0372 (13s)
✔ [11486/11879] Built Zeta23.ThmD.Sextuple.Macro.Chunks.Chunk0360 (13s)
✔ [11487/11879] Built Zeta23.ThmD.Sextuple.Macro.Chunks.Chunk0351 (5.9s)
✔ [11488/11879] Built Zeta23.ThmD.Sextuple.Macro.Chunks.Chunk0359 (13s)
✔ [11489/11879] Built Zeta23.ThmD.Sextuple.Macro.Chunks.Chunk0371 (15s)
✔ [11490/11879] Built Zeta23.ThmD.Sextuple.Macro.Chunks.Chunk0354 (8.5s)
✔ [11491/11879] Built Zeta23.ThmD.Sextuple.Macro.Chunks.Chunk0353 (9.5s)
✔ [11492/11879] Built Zeta23.ThmD.Sextuple.Macro.Chunks.Chunk0352 (9.6s)
✔ [11493/11879] Built Zeta23.ThmD.Sextuple.Macro.Chunks.Chunk0358 (16s)
✔ [11494/11879] Built Zeta23.ThmD.Sextuple.Macro.Chunks.Chunk0350 (5.8s)
✔ [11495/11879] Built Zeta23.ThmD.Sextuple.Macro.Chunks.Chunk0349 (6.4s)
✔ [11496/11879] Built Zeta23.ThmD.Sextuple.Macro.Chunks.Chunk0346 (6.2s)
✔ [11497/11879] Built Zeta23.ThmD.Sextuple.Macro.Chunks.Chunk0345 (6.2s)
✔ [11498/11879] Built Zeta23.ThmD.Sextuple.Macro.Chunks.Chunk0355 (18s)
✔ [11499/11879] Built Zeta23.ThmD.Sextuple.Macro.Chunks.Chunk0343 (6.5s)
✔ [11500/11879] Built Zeta23.ThmD.Sextuple.Macro.Chunks.Chunk0341 (6.1s)
✔ [11501/11879] Built Zeta23.ThmD.Sextuple.Macro.Chunks.Chunk0342 (6.8s)
✔ [11502/11879] Built Zeta23.ThmD.Sextuple.Macro.Chunks.Chunk0344 (7.3s)
✔ [11503/11879] Built Zeta23.ThmD.Sextuple.Macro.Chunks.Chunk0348 (11s)
✔ [11504/11879] Built Zeta23.ThmD.Sextuple.Macro.Chunks.Chunk0340 (5.8s)
✔ [11505/11879] Built Zeta23.ThmD.Sextuple.Macro.Chunks.Chunk0347 (12s)
✔ [11506/11879] Built Zeta23.ThmD.Sextuple.Macro.Chunks.Chunk0339 (9.0s)
✔ [11507/11879] Built Zeta23.ThmD.Sextuple.Macro.Chunks.Chunk0334 (6.6s)
✔ [11508/11879] Built Zeta23.ThmD.Sextuple.Macro.Chunks.Chunk0333 (6.7s)
✔ [11509/11879] Built Zeta23.ThmD.Sextuple.Macro.Chunks.Chunk0332 (6.5s)
✔ [11510/11879] Built Zeta23.ThmD.Sextuple.Macro.Chunks.Chunk0331 (6.4s)
✔ [11511/11879] Built Zeta23.ThmD.Sextuple.Macro.Chunks.Chunk0330 (6.8s)
✔ [11512/11879] Built Zeta23.ThmD.Sextuple.Macro.Chunks.Chunk0329 (5.2s)
✔ [11513/11879] Built Zeta23.ThmD.Sextuple.Macro.Chunks.Chunk0338 (13s)
✔ [11514/11879] Built Zeta23.ThmD.Sextuple.Macro.Chunks.Chunk0337 (12s)
✔ [11515/11879] Built Zeta23.ThmD.Sextuple.Macro.Chunks.Chunk0335 (13s)
✔ [11516/11879] Built Zeta23.ThmD.Sextuple.Macro.Chunks.Chunk0322 (4.9s)
✔ [11517/11879] Built Zeta23.ThmD.Sextuple.Macro.Chunks.Chunk0323 (5.2s)
✔ [11518/11879] Built Zeta23.ThmD.Sextuple.Macro.Chunks.Chunk0336 (15s)
✔ [11519/11879] Built Zeta23.ThmD.Sextuple.Macro.Chunks.Chunk0320 (4.3s)
✔ [11520/11879] Built Zeta23.ThmD.Sextuple.Macro.Chunks.Chunk0325 (10s)
✔ [11521/11879] Built Zeta23.ThmD.Sextuple.Macro.Chunks.Chunk0326 (11s)
✔ [11522/11879] Built Zeta23.ThmD.Sextuple.Macro.Chunks.Chunk0328 (11s)
✔ [11523/11879] Built Zeta23.ThmD.Sextuple.Macro.Chunks.Chunk0314 (5.1s)
✔ [11524/11879] Built Zeta23.ThmD.Sextuple.Macro.Chunks.Chunk0318 (6.3s)
✔ [11525/11879] Built Zeta23.ThmD.Sextuple.Macro.Chunks.Chunk0319 (6.8s)
✔ [11526/11879] Built Zeta23.ThmD.Sextuple.Macro.Chunks.Chunk0327 (15s)
✔ [11527/11879] Built Zeta23.ThmD.Sextuple.Macro.Chunks.Chunk0307 (5.1s)
✔ [11528/11879] Built Zeta23.ThmD.Sextuple.Macro.Chunks.Chunk0281 (5.2s)
✔ [11529/11879] Built Zeta23.ThmD.Sextuple.Macro.Chunks.Chunk0306 (5.2s)
✔ [11530/11879] Built Zeta23.ThmD.Sextuple.Macro.Chunks.Chunk0280 (4.6s)
✔ [11531/11879] Built Zeta23.ThmD.Sextuple.Macro.Chunks.Chunk0279 (5.7s)
✔ [11532/11879] Built Zeta23.ThmD.Sextuple.Macro.Chunks.Chunk0324 (18s)
✔ [11533/11879] Built Zeta23.ThmD.Sextuple.Macro.Chunks.Chunk0278 (5.9s)
✔ [11534/11879] Built Zeta23.ThmD.Sextuple.Macro.Chunks.Chunk0274 (6.1s)
✔ [11535/11879] Built Zeta23.ThmD.Sextuple.Macro.Chunks.Chunk0275 (6.1s)
✔ [11536/11879] Built Zeta23.ThmD.Sextuple.Macro.Chunks.Chunk0277 (8.1s)
✔ [11537/11879] Built Zeta23.ThmD.Sextuple.Macro.Chunks.Chunk0276 (8.1s)
✔ [11538/11879] Built Zeta23.ThmD.Sextuple.Macro.Chunks.Chunk0313 (14s)
✔ [11539/11879] Built Zeta23.ThmD.Sextuple.Macro.Chunks.Chunk0321 (20s)
✔ [11540/11879] Built Zeta23.ThmD.Sextuple.Macro.Chunks.Chunk0312 (5.3s)
✔ [11541/11879] Built Zeta23.ThmD.Sextuple.Macro.Chunks.Chunk0311 (6.1s)
✔ [11542/11879] Built Zeta23.ThmD.Sextuple.Macro.Chunks.Chunk0305 (6.2s)
✔ [11543/11879] Built Zeta23.ThmD.Sextuple.Macro.Chunks.Chunk0304 (5.8s)
✔ [11544/11879] Built Zeta23.ThmD.Sextuple.Macro.Chunks.Chunk0316 (10s)
✔ [11545/11879] Built Zeta23.ThmD.Sextuple.Macro.Chunks.Chunk0309 (9.0s)
✔ [11546/11879] Built Zeta23.ThmD.Sextuple.Macro.Chunks.Chunk0317 (15s)
✔ [11547/11879] Built Zeta23.ThmD.Sextuple.Macro.Chunks.Chunk0303 (7.3s)
✔ [11548/11879] Built Zeta23.ThmD.Sextuple.Macro.Chunks.Chunk0308 (10s)
✔ [11549/11879] Built Zeta23.ThmD.Sextuple.Macro.Chunks.Chunk0298 (5.9s)
✔ [11550/11879] Built Zeta23.ThmD.Sextuple.Macro.Chunks.Chunk0299 (7.6s)
✔ [11551/11879] Built Zeta23.ThmD.Sextuple.Macro.Chunks.Chunk0296 (5.5s)
✔ [11552/11879] Built Zeta23.ThmD.Sextuple.Macro.Chunks.Chunk0315 (18s)
✔ [11553/11879] Built Zeta23.ThmD.Sextuple.Macro.Chunks.Chunk0295 (5.1s)
✔ [11554/11879] Built Zeta23.ThmD.Sextuple.Macro.Chunks.Chunk0310 (17s)
✔ [11555/11879] Built Zeta23.ThmD.Sextuple.Macro.Chunks.Chunk0301 (10s)
✔ [11556/11879] Built Zeta23.ThmD.Sextuple.Macro.Chunks.Chunk0293 (5.8s)
✔ [11557/11879] Built Zeta23.ThmD.Sextuple.Macro.Chunks.Chunk0294 (5.8s)
✔ [11558/11879] Built Zeta23.ThmD.Sextuple.Macro.Chunks.Chunk0297 (10s)
✔ [11559/11879] Built Zeta23.ThmD.Sextuple.Macro.Chunks.Chunk0289 (5.8s)
✔ [11560/11879] Built Zeta23.ThmD.Sextuple.Macro.Chunks.Chunk0302 (17s)
✔ [11561/11879] Built Zeta23.ThmD.Sextuple.Macro.Chunks.Chunk0300 (15s)
✔ [11562/11879] Built Zeta23.ThmD.Sextuple.Macro.Chunks.Chunk0292 (9.3s)
✔ [11563/11879] Built Zeta23.ThmD.Sextuple.Macro.Chunks.Chunk0291 (9.3s)
✔ [11564/11879] Built Zeta23.ThmD.Sextuple.Macro.Chunks.Chunk0286 (5.5s)
✔ [11565/11879] Built Zeta23.ThmD.Sextuple.Macro.Chunks.Chunk0288 (10s)
✔ [11566/11879] Built Zeta23.ThmD.Sextuple.Macro.Chunks.Chunk0283 (5.7s)
✔ [11567/11879] Built Zeta23.ThmD.Sextuple.Macro.Chunks.Chunk0284 (5.7s)
✔ [11568/11879] Built Zeta23.ThmD.Sextuple.Macro.Chunks.Chunk0285 (10s)
✔ [11569/11879] Built Zeta23.ThmD.Sextuple.Macro.Chunks.Chunk0273 (7.1s)
✔ [11570/11879] Built Zeta23.ThmD.Sextuple.Macro.Chunks.Chunk0268 (5.1s)
✔ [11571/11879] Built Zeta23.ThmD.Sextuple.Macro.Chunks.Chunk0270 (5.1s)
✔ [11572/11879] Built Zeta23.ThmD.Sextuple.Macro.Chunks.Chunk0290 (17s)
✔ [11573/11879] Built Zeta23.ThmD.Sextuple.Macro.Chunks.Chunk0282 (11s)
✔ [11574/11879] Built Zeta23.ThmD.Sextuple.Macro.Chunks.Chunk0287 (13s)
✔ [11575/11879] Built Zeta23.ThmD.Sextuple.Macro.Chunks.Chunk0272 (11s)
✔ [11576/11879] Built Zeta23.ThmD.Sextuple.Macro.Chunks.Chunk0271 (11s)
✔ [11577/11879] Built Zeta23.ThmD.Sextuple.Macro.Chunks.Chunk0263 (5.9s)
✔ [11578/11879] Built Zeta23.ThmD.Sextuple.Macro.Chunks.Chunk0264 (5.9s)
✔ [11579/11879] Built Zeta23.ThmD.Sextuple.Macro.Chunks.Chunk0260 (4.6s)
✔ [11580/11879] Built Zeta23.ThmD.Sextuple.Macro.Chunks.Chunk0265 (8.6s)
✔ [11581/11879] Built Zeta23.ThmD.Sextuple.Macro.Chunks.Chunk0259 (4.5s)
✔ [11582/11879] Built Zeta23.ThmD.Sextuple.Macro.Chunks.Chunk0267 (12s)
✔ [11583/11879] Built Zeta23.ThmD.Sextuple.Macro.Chunks.Chunk0258 (5.1s)
✔ [11584/11879] Built Zeta23.ThmD.Sextuple.Macro.Chunks.Chunk0266 (13s)
✔ [11585/11879] Built Zeta23.ThmD.Sextuple.Macro.Chunks.Chunk0269 (17s)
✔ [11586/11879] Built Zeta23.ThmD.Sextuple.Macro.Chunks.Chunk0261 (11s)
✔ [11587/11879] Built Zeta23.ThmD.Sextuple.Macro.Chunks.Chunk0254 (5.3s)
✔ [11588/11879] Built Zeta23.ThmD.Sextuple.Macro.Chunks.Chunk0255 (5.5s)
✔ [11589/11879] Built Zeta23.ThmD.Sextuple.Macro.Chunks.Chunk0253 (5.4s)
✔ [11590/11879] Built Zeta23.ThmD.Sextuple.Macro.Chunks.Chunk0252 (5.4s)
✔ [11591/11879] Built Zeta23.ThmD.Sextuple.Macro.Chunks.Chunk0256 (8.7s)
✔ [11592/11879] Built Zeta23.ThmD.Sextuple.Macro.Chunks.Chunk0262 (19s)
✔ [11593/11879] Built Zeta23.ThmD.Sextuple.Macro.Chunks.Chunk0247 (6.3s)
✔ [11594/11879] Built Zeta23.ThmD.Sextuple.Macro.Chunks.Chunk0248 (6.3s)
✔ [11595/11879] Built Zeta23.ThmD.Sextuple.Macro.Chunks.Chunk0250 (8.9s)
✔ [11596/11879] Built Zeta23.ThmD.Sextuple.Macro.Chunks.Chunk0245 (5.8s)
✔ [11597/11879] Built Zeta23.ThmD.Sextuple.Macro.Chunks.Chunk0257 (16s)
✔ [11598/11879] Built Zeta23.ThmD.Sextuple.Macro.Chunks.Chunk0249 (10s)
✔ [11599/11879] Built Zeta23.ThmD.Sextuple.Macro.Chunks.Chunk0242 (5.9s)
✔ [11600/11879] Built Zeta23.ThmD.Sextuple.Macro.Chunks.Chunk0246 (11s)
✔ [11601/11879] Built Zeta23.ThmD.Sextuple.Macro.Chunks.Chunk0240 (6.2s)
✔ [11602/11879] Built Zeta23.ThmD.Sextuple.Macro.Chunks.Chunk0239 (5.9s)
✔ [11603/11879] Built Zeta23.ThmD.Sextuple.Macro.Chunks.Chunk0238 (5.7s)
✔ [11604/11879] Built Zeta23.ThmD.Sextuple.Macro.Chunks.Chunk0251 (16s)
✔ [11605/11879] Built Zeta23.ThmD.Sextuple.Macro.Chunks.Chunk0243 (10s)
✔ [11606/11879] Built Zeta23.ThmD.Sextuple.Macro.Chunks.Chunk0237 (7.3s)
✔ [11607/11879] Built Zeta23.ThmD.Sextuple.Macro.Chunks.Chunk0236 (4.0s)
✔ [11608/11879] Built Zeta23.ThmD.Sextuple.Macro.Chunks.Chunk0241 (11s)
✔ [11609/11879] Built Zeta23.ThmD.Sextuple.Macro.Chunks.Chunk0244 (16s)
✔ [11610/11879] Built Zeta23.ThmD.Sextuple.Macro.Chunks.Chunk0234 (6.2s)
✔ [11611/11879] Built Zeta23.ThmD.Sextuple.Macro.Chunks.Chunk0233 (5.0s)
✔ [11612/11879] Built Zeta23.ThmD.Sextuple.Macro.Chunks.Chunk0235 (7.3s)
✔ [11613/11879] Built Zeta23.ThmD.Sextuple.Macro.Chunks.Chunk0228 (6.4s)
✔ [11614/11879] Built Zeta23.ThmD.Sextuple.Macro.Chunks.Chunk0227 (6.6s)
✔ [11615/11879] Built Zeta23.ThmD.Sextuple.Macro.Chunks.Chunk0226 (6.6s)
✔ [11616/11879] Built Zeta23.ThmD.Sextuple.Macro.Chunks.Chunk0223 (6.1s)
✔ [11617/11879] Built Zeta23.ThmD.Sextuple.Macro.Chunks.Chunk0224 (6.2s)
✔ [11618/11879] Built Zeta23.ThmD.Sextuple.Macro.Chunks.Chunk0225 (6.2s)
✔ [11619/11879] Built Zeta23.ThmD.Sextuple.Macro.Chunks.Chunk0232 (11s)
✔ [11620/11879] Built Zeta23.ThmD.Sextuple.Macro.Chunks.Chunk0231 (12s)
✔ [11621/11879] Built Zeta23.ThmD.Sextuple.Macro.Chunks.Chunk0221 (5.1s)
✔ [11622/11879] Built Zeta23.ThmD.Sextuple.Macro.Chunks.Chunk0229 (12s)
✔ [11623/11879] Built Zeta23.ThmD.Sextuple.Macro.Chunks.Chunk0222 (6.3s)
✔ [11624/11879] Built Zeta23.ThmD.Sextuple.Macro.Chunks.Chunk0216 (6.2s)
✔ [11625/11879] Built Zeta23.ThmD.Sextuple.Macro.Chunks.Chunk0230 (17s)
✔ [11626/11879] Built Zeta23.ThmD.Sextuple.Macro.Chunks.Chunk0219 (7.5s)
✔ [11627/11879] Built Zeta23.ThmD.Sextuple.Macro.Chunks.Chunk0147 (5.2s)
✔ [11628/11879] Built Zeta23.ThmD.Sextuple.Macro.Chunks.Chunk0148 (5.3s)
✔ [11629/11879] Built Zeta23.ThmD.Sextuple.Macro.Chunks.Chunk0199 (5.9s)
✔ [11630/11879] Built Zeta23.ThmD.Sextuple.Macro.Chunks.Chunk0220 (9.7s)
✔ [11631/11879] Built Zeta23.ThmD.Sextuple.Macro.Chunks.Chunk0218 (10s)
✔ [11632/11879] Built Zeta23.ThmD.Sextuple.Macro.Chunks.Chunk0146 (4.5s)
✔ [11633/11879] Built Zeta23.ThmD.Sextuple.Macro.Chunks.Chunk0145 (5.2s)
✔ [11634/11879] Built Zeta23.ThmD.Sextuple.Macro.Chunks.Chunk0144 (5.2s)
✔ [11635/11879] Built Zeta23.ThmD.Sextuple.Macro.Chunks.Chunk0140 (6.0s)
✔ [11636/11879] Built Zeta23.ThmD.Sextuple.Macro.Chunks.Chunk0141 (6.0s)
✔ [11637/11879] Built Zeta23.ThmD.Sextuple.Macro.Chunks.Chunk0143 (6.2s)
✔ [11638/11879] Built Zeta23.ThmD.Sextuple.Macro.Chunks.Chunk0215 (6.9s)
✔ [11639/11879] Built Zeta23.ThmD.Sextuple.Macro.Chunks.Chunk0142 (8.3s)
✔ [11640/11879] Built Zeta23.ThmD.Sextuple.Macro.Chunks.Chunk0213 (5.3s)
✔ [11641/11879] Built Zeta23.ThmD.Sextuple.Macro.Chunks.Chunk0214 (7.4s)
✔ [11642/11879] Built Zeta23.ThmD.Sextuple.Macro.Chunks.Chunk0217 (18s)
✔ [11643/11879] Built Zeta23.ThmD.Sextuple.Macro.Chunks.Chunk0208 (16s)
✔ [11644/11879] Built Zeta23.ThmD.Sextuple.Macro.Chunks.Chunk0212 (6.5s)
✔ [11645/11879] Built Zeta23.ThmD.Sextuple.Macro.Chunks.Chunk0209 (7.4s)
✔ [11646/11879] Built Zeta23.ThmD.Sextuple.Macro.Chunks.Chunk0206 (6.7s)
✔ [11647/11879] Built Zeta23.ThmD.Sextuple.Macro.Chunks.Chunk0207 (6.7s)
✔ [11648/11879] Built Zeta23.ThmD.Sextuple.Macro.Chunks.Chunk0205 (6.5s)
✔ [11649/11879] Built Zeta23.ThmD.Sextuple.Macro.Chunks.Chunk0211 (9.9s)
✔ [11650/11879] Built Zeta23.ThmD.Sextuple.Macro.Chunks.Chunk0202 (6.5s)
✔ [11651/11879] Built Zeta23.ThmD.Sextuple.Macro.Chunks.Chunk0204 (7.5s)
✔ [11652/11879] Built Zeta23.ThmD.Sextuple.Macro.Chunks.Chunk0198 (6.5s)
✔ [11653/11879] Built Zeta23.ThmD.Sextuple.Macro.Chunks.Chunk0196 (6.2s)
✔ [11654/11879] Built Zeta23.ThmD.Sextuple.Macro.Chunks.Chunk0197 (6.8s)
✔ [11655/11879] Built Zeta23.ThmD.Sextuple.Macro.Chunks.Chunk0210 (16s)
✔ [11656/11879] Built Zeta23.ThmD.Sextuple.Macro.Chunks.Chunk0195 (8.0s)
✔ [11657/11879] Built Zeta23.ThmD.Sextuple.Macro.Chunks.Chunk0194 (9.8s)
✔ [11658/11879] Built Zeta23.ThmD.Sextuple.Macro.Chunks.Chunk0191 (5.4s)
✔ [11659/11879] Built Zeta23.ThmD.Sextuple.Macro.Chunks.Chunk0192 (5.5s)
✔ [11660/11879] Built Zeta23.ThmD.Sextuple.Macro.Chunks.Chunk0190 (6.1s)
✔ [11661/11879] Built Zeta23.ThmD.Sextuple.Macro.Chunks.Chunk0201 (17s)
✔ [11662/11879] Built Zeta23.ThmD.Sextuple.Macro.Chunks.Chunk0200 (14s)
✔ [11663/11879] Built Zeta23.ThmD.Sextuple.Macro.Chunks.Chunk0203 (19s)
✔ [11664/11879] Built Zeta23.ThmD.Sextuple.Macro.Chunks.Chunk0189 (8.1s)
✔ [11665/11879] Built Zeta23.ThmD.Sextuple.Macro.Chunks.Chunk0187 (5.2s)
✔ [11666/11879] Built Zeta23.ThmD.Sextuple.Macro.Chunks.Chunk0186 (6.4s)
✔ [11667/11879] Built Zeta23.ThmD.Sextuple.Macro.Chunks.Chunk0193 (16s)
✔ [11668/11879] Built Zeta23.ThmD.Sextuple.Macro.Chunks.Chunk0183 (6.3s)
✔ [11669/11879] Built Zeta23.ThmD.Sextuple.Macro.Chunks.Chunk0182 (6.3s)
✔ [11670/11879] Built Zeta23.ThmD.Sextuple.Macro.Chunks.Chunk0179 (5.1s)
✔ [11671/11879] Built Zeta23.ThmD.Sextuple.Macro.Chunks.Chunk0184 (10s)
✔ [11672/11879] Built Zeta23.ThmD.Sextuple.Macro.Chunks.Chunk0177 (5.6s)
✔ [11673/11879] Built Zeta23.ThmD.Sextuple.Macro.Chunks.Chunk0188 (14s)
✔ [11674/11879] Built Zeta23.ThmD.Sextuple.Macro.Chunks.Chunk0175 (5.3s)
✔ [11675/11879] Built Zeta23.ThmD.Sextuple.Macro.Chunks.Chunk0176 (5.5s)
✔ [11676/11879] Built Zeta23.ThmD.Sextuple.Macro.Chunks.Chunk0174 (4.8s)
✔ [11677/11879] Built Zeta23.ThmD.Sextuple.Macro.Chunks.Chunk0185 (14s)
✔ [11678/11879] Built Zeta23.ThmD.Sextuple.Macro.Chunks.Chunk0180 (12s)
✔ [11679/11879] Built Zeta23.ThmD.Sextuple.Macro.Chunks.Chunk0181 (15s)
✔ [11680/11879] Built Zeta23.ThmD.Sextuple.Macro.Chunks.Chunk0178 (11s)
✔ [11681/11879] Built Zeta23.ThmD.Sextuple.Macro.Chunks.Chunk0173 (6.4s)
✔ [11682/11879] Built Zeta23.ThmD.Sextuple.Macro.Chunks.Chunk0170 (6.1s)
✔ [11683/11879] Built Zeta23.ThmD.Sextuple.Macro.Chunks.Chunk0168 (5.8s)
✔ [11684/11879] Built Zeta23.ThmD.Sextuple.Macro.Chunks.Chunk0166 (5.6s)
✔ [11685/11879] Built Zeta23.ThmD.Sextuple.Macro.Chunks.Chunk0172 (9.6s)
✔ [11686/11879] Built Zeta23.ThmD.Sextuple.Macro.Chunks.Chunk0163 (5.4s)
✔ [11687/11879] Built Zeta23.ThmD.Sextuple.Macro.Chunks.Chunk0161 (4.0s)
✔ [11688/11879] Built Zeta23.ThmD.Sextuple.Macro.Chunks.Chunk0167 (11s)
✔ [11689/11879] Built Zeta23.ThmD.Sextuple.Macro.Chunks.Chunk0159 (4.9s)
✔ [11690/11879] Built Zeta23.ThmD.Sextuple.Macro.Chunks.Chunk0160 (5.1s)
✔ [11691/11879] Built Zeta23.ThmD.Sextuple.Macro.Chunks.Chunk0169 (14s)
✔ [11692/11879] Built Zeta23.ThmD.Sextuple.Macro.Chunks.Chunk0164 (10s)
✔ [11693/11879] Built Zeta23.ThmD.Sextuple.Macro.Chunks.Chunk0171 (15s)
✔ [11694/11879] Built Zeta23.ThmD.Sextuple.Macro.Chunks.Chunk0162 (10s)
✔ [11695/11879] Built Zeta23.ThmD.Sextuple.Macro.Chunks.Chunk0156 (5.7s)
✔ [11696/11879] Built Zeta23.ThmD.Sextuple.Macro.Chunks.Chunk0158 (8.5s)
✔ [11697/11879] Built Zeta23.ThmD.Sextuple.Macro.Chunks.Chunk0165 (15s)
✔ [11698/11879] Built Zeta23.ThmD.Sextuple.Macro.Chunks.Chunk0155 (5.9s)
✔ [11699/11879] Built Zeta23.ThmD.Sextuple.Macro.Chunks.Chunk0153 (6.1s)
✔ [11700/11879] Built Zeta23.ThmD.Sextuple.Macro.Chunks.Chunk0152 (5.9s)
✔ [11701/11879] Built Zeta23.ThmD.Sextuple.Macro.Chunks.Chunk0157 (12s)
✔ [11702/11879] Built Zeta23.ThmD.Sextuple.Macro.Chunks.Chunk0149 (5.0s)
✔ [11703/11879] Built Zeta23.ThmD.Sextuple.Macro.Chunks.Chunk0154 (11s)
✔ [11704/11879] Built Zeta23.ThmD.Sextuple.Macro.Chunks.Chunk0151 (11s)
✔ [11705/11879] Built Zeta23.ThmD.Sextuple.Macro.Chunks.Chunk0150 (10s)
✔ [11706/11879] Built Zeta23.ThmD.Sextuple.Macro.Chunks.Chunk0139 (8.7s)
✔ [11707/11879] Built Zeta23.ThmD.Sextuple.Macro.Chunks.Chunk0134 (4.9s)
✔ [11708/11879] Built Zeta23.ThmD.Sextuple.Macro.Chunks.Chunk0132 (5.2s)
✔ [11709/11879] Built Zeta23.ThmD.Sextuple.Macro.Chunks.Chunk0133 (5.3s)
✔ [11710/11879] Built Zeta23.ThmD.Sextuple.Macro.Chunks.Chunk0137 (10s)
✔ [11711/11879] Built Zeta23.ThmD.Sextuple.Macro.Chunks.Chunk0135 (10s)
✔ [11712/11879] Built Zeta23.ThmD.Sextuple.Macro.Chunks.Chunk0129 (4.0s)
✔ [11713/11879] Built Zeta23.ThmD.Sextuple.Macro.Chunks.Chunk0130 (5.2s)
✔ [11714/11879] Built Zeta23.ThmD.Sextuple.Macro.Chunks.Chunk0138 (14s)
✔ [11715/11879] Built Zeta23.ThmD.Sextuple.Macro.Chunks.Chunk0128 (5.1s)
✔ [11716/11879] Built Zeta23.ThmD.Sextuple.Macro.Chunks.Chunk0136 (13s)
✔ [11717/11879] Built Zeta23.ThmD.Sextuple.Macro.Chunks.Chunk0127 (5.9s)
✔ [11718/11879] Built Zeta23.ThmD.Sextuple.Macro.Chunks.Chunk0124 (5.8s)
✔ [11719/11879] Built Zeta23.ThmD.Sextuple.Macro.Chunks.Chunk0122 (6.0s)
✔ [11720/11879] Built Zeta23.ThmD.Sextuple.Macro.Chunks.Chunk0123 (6.0s)
✔ [11721/11879] Built Zeta23.ThmD.Sextuple.Macro.Chunks.Chunk0125 (8.7s)
✔ [11722/11879] Built Zeta23.ThmD.Sextuple.Macro.Chunks.Chunk0119 (5.3s)
✔ [11723/11879] Built Zeta23.ThmD.Sextuple.Macro.Chunks.Chunk0118 (4.0s)
✔ [11724/11879] Built Zeta23.ThmD.Sextuple.Macro.Chunks.Chunk0131 (16s)
✔ [11725/11879] Built Zeta23.ThmD.Sextuple.Macro.Chunks.Chunk0114 (5.3s)
✔ [11726/11879] Built Zeta23.ThmD.Sextuple.Macro.Chunks.Chunk0115 (5.6s)
✔ [11727/11879] Built Zeta23.ThmD.Sextuple.Macro.Chunks.Chunk0126 (13s)
✔ [11728/11879] Built Zeta23.ThmD.Sextuple.Macro.Chunks.Chunk0120 (10s)
✔ [11729/11879] Built Zeta23.ThmD.Sextuple.Macro.Chunks.Chunk0113 (5.2s)
✔ [11730/11879] Built Zeta23.ThmD.Sextuple.Macro.Chunks.Chunk0116 (8.0s)
✔ [11731/11879] Built Zeta23.ThmD.Sextuple.Macro.Chunks.Chunk0121 (15s)
✔ [11732/11879] Built Zeta23.ThmD.Sextuple.Macro.Chunks.Chunk0117 (12s)
✔ [11733/11879] Built Zeta23.ThmD.Sextuple.Macro.Chunks.Chunk0112 (8.6s)
✔ [11734/11879] Built Zeta23.ThmD.Sextuple.Macro.Chunks.Chunk0108 (5.9s)
✔ [11735/11879] Built Zeta23.ThmD.Sextuple.Macro.Chunks.Chunk0109 (5.9s)
✔ [11736/11879] Built Zeta23.ThmD.Sextuple.Macro.Chunks.Chunk0110 (6.0s)
✔ [11737/11879] Built Zeta23.ThmD.Sextuple.Macro.Chunks.Chunk0111 (8.7s)
✔ [11738/11879] Built Zeta23.ThmD.Sextuple.Macro.Chunks.Chunk0107 (7.1s)
✔ [11739/11879] Built Zeta23.ThmD.Sextuple.Macro.Chunks.Chunk0106 (6.0s)
✔ [11740/11879] Built Zeta23.ThmD.Sextuple.Macro.Chunks.Chunk0105 (4.8s)
✔ [11741/11879] Built Zeta23.ThmD.Sextuple.Macro.Chunks.Chunk0104 (4.8s)
✔ [11742/11879] Built Zeta23.ThmD.Sextuple.Macro.Chunks.Chunk0058 (6.2s)
✔ [11743/11879] Built Zeta23.ThmD.Sextuple.Macro.Chunks.Chunk0103 (6.3s)
✔ [11744/11879] Built Zeta23.ThmD.Sextuple.Macro.Chunks.Chunk0097 (6.6s)
✔ [11745/11879] Built Zeta23.ThmD.Sextuple.Macro.Chunks.Chunk0093 (4.0s)
✔ [11746/11879] Built Zeta23.ThmD.Sextuple.Macro.Chunks.Chunk0094 (5.2s)
✔ [11747/11879] Built Zeta23.ThmD.Sextuple.Macro.Chunks.Chunk0100 (11s)
✔ [11748/11879] Built Zeta23.ThmD.Sextuple.Macro.Chunks.Chunk0101 (12s)
✔ [11749/11879] Built Zeta23.ThmD.Sextuple.Macro.Chunks.Chunk0092 (4.1s)
✔ [11750/11879] Built Zeta23.ThmD.Sextuple.Macro.Chunks.Chunk0102 (14s)
✔ [11751/11879] Built Zeta23.ThmD.Sextuple.Macro.Chunks.Chunk0095 (11s)
✔ [11752/11879] Built Zeta23.ThmD.Sextuple.Macro.Chunks.Chunk0096 (12s)
✔ [11753/11879] Built Zeta23.ThmD.Sextuple.Macro.Chunks.Chunk0098 (14s)
✔ [11754/11879] Built Zeta23.ThmD.Sextuple.Macro.Chunks.Chunk0099 (15s)
✔ [11755/11879] Built Zeta23.ThmD.Sextuple.Macro.Chunks.Chunk0089 (5.3s)
✔ [11756/11879] Built Zeta23.ThmD.Sextuple.Macro.Chunks.Chunk0087 (5.2s)
✔ [11757/11879] Built Zeta23.ThmD.Sextuple.Macro.Chunks.Chunk0090 (9.1s)
✔ [11758/11879] Built Zeta23.ThmD.Sextuple.Macro.Chunks.Chunk0084 (5.8s)
✔ [11759/11879] Built Zeta23.ThmD.Sextuple.Macro.Chunks.Chunk0081 (5.4s)
✔ [11760/11879] Built Zeta23.ThmD.Sextuple.Macro.Chunks.Chunk0091 (12s)
✔ [11761/11879] Built Zeta23.ThmD.Sextuple.Macro.Chunks.Chunk0088 (11s)
✔ [11762/11879] Built Zeta23.ThmD.Sextuple.Macro.Chunks.Chunk0085 (10s)
✔ [11763/11879] Built Zeta23.ThmD.Sextuple.Macro.Chunks.Chunk0078 (4.5s)
✔ [11764/11879] Built Zeta23.ThmD.Sextuple.Macro.Chunks.Chunk0086 (11s)
✔ [11765/11879] Built Zeta23.ThmD.Sextuple.Macro.Chunks.Chunk0082 (10s)
✔ [11766/11879] Built Zeta23.ThmD.Sextuple.Macro.Chunks.Chunk0077 (4.9s)
✔ [11767/11879] Built Zeta23.ThmD.Sextuple.Macro.Chunks.Chunk0083 (14s)
✔ [11768/11879] Built Zeta23.ThmD.Sextuple.Macro.Chunks.Chunk0073 (5.6s)
✔ [11769/11879] Built Zeta23.ThmD.Sextuple.Macro.Chunks.Chunk0074 (5.7s)
✔ [11770/11879] Built Zeta23.ThmD.Sextuple.Macro.Chunks.Chunk0075 (7.8s)
✔ [11771/11879] Built Zeta23.ThmD.Sextuple.Macro.Chunks.Chunk0080 (13s)
✔ [11772/11879] Built Zeta23.ThmD.Sextuple.Macro.Chunks.Chunk0071 (5.5s)
✔ [11773/11879] Built Zeta23.ThmD.Sextuple.Macro.Chunks.Chunk0079 (12s)
✔ [11774/11879] Built Zeta23.ThmD.Sextuple.Macro.Chunks.Chunk0076 (12s)
✔ [11775/11879] Built Zeta23.ThmD.Sextuple.Macro.Chunks.Chunk0072 (9.8s)
✔ [11776/11879] Built Zeta23.ThmD.Sextuple.Macro.Chunks.Chunk0068 (6.3s)
✔ [11777/11879] Built Zeta23.ThmD.Sextuple.Macro.Chunks.Chunk0070 (10s)
✔ [11778/11879] Built Zeta23.ThmD.Sextuple.Macro.Chunks.Chunk0065 (6.4s)
✔ [11779/11879] Built Zeta23.ThmD.Sextuple.Macro.Chunks.Chunk0066 (6.4s)
✔ [11780/11879] Built Zeta23.ThmD.Sextuple.Macro.Chunks.Chunk0063 (5.9s)
✔ [11781/11879] Built Zeta23.ThmD.Sextuple.Macro.Chunks.Chunk0064 (6.2s)
✔ [11782/11879] Built Zeta23.ThmD.Sextuple.Macro.Chunks.Chunk0069 (9.3s)
✔ [11783/11879] Built Zeta23.ThmD.Sextuple.Macro.Chunks.Chunk0062 (5.2s)
✔ [11784/11879] Built Zeta23.ThmD.Sextuple.Macro.Chunks.Chunk0067 (11s)
✔ [11785/11879] Built Zeta23.ThmD.Sextuple.Macro.Chunks.Chunk0061 (7.2s)
✔ [11786/11879] Built Zeta23.ThmD.Sextuple.Macro.Chunks.Chunk0059 (6.2s)
✔ [11787/11879] Built Zeta23.ThmD.Sextuple.Macro.Chunks.Chunk0060 (6.5s)
✔ [11788/11879] Built Zeta23.ThmD.Sextuple.Macro.Chunks.Chunk0056 (10s)
✔ [11789/11879] Built Zeta23.ThmD.Sextuple.Macro.Chunks.Chunk0054 (11s)
✔ [11790/11879] Built Zeta23.ThmD.Sextuple.Macro.Chunks.Chunk0055 (11s)
✔ [11791/11879] Built Zeta23.ThmD.Sextuple.Macro.Chunks.Chunk0053 (10s)
✔ [11792/11879] Built Zeta23.ThmD.Sextuple.Macro.Chunks.Chunk0052 (10s)
✔ [11793/11879] Built Zeta23.ThmD.Sextuple.Macro.Chunks.Chunk0051 (11s)
✔ [11794/11879] Built Zeta23.ThmD.Sextuple.Macro.Chunks.Chunk0057 (15s)
✔ [11795/11879] Built Zeta23.ThmD.Sextuple.Macro.Chunks.Chunk0050 (10s)
✔ [11796/11879] Built Zeta23.ThmD.Sextuple.Macro.Chunks.Chunk0048 (11s)
✔ [11797/11879] Built Zeta23.ThmD.Sextuple.Macro.Chunks.Chunk0049 (11s)
✔ [11798/11879] Built Zeta23.ThmD.Sextuple.Macro.Chunks.Chunk0046 (10s)
✔ [11799/11879] Built Zeta23.ThmD.Sextuple.Macro.Chunks.Chunk0044 (9.2s)
✔ [11800/11879] Built Zeta23.ThmD.Sextuple.Macro.Chunks.Chunk0047 (13s)
✔ [11801/11879] Built Zeta23.ThmD.Sextuple.Macro.Chunks.Chunk0045 (13s)
✔ [11802/11879] Built Zeta23.ThmD.Sextuple.Macro.Chunks.Chunk0036 (4.8s)
✔ [11803/11879] Built Zeta23.ThmD.Sextuple.Macro.Chunks.Chunk0037 (4.8s)
✔ [11804/11879] Built Zeta23.ThmD.Sextuple.Macro.Chunks.Chunk0043 (12s)
✔ [11805/11879] Built Zeta23.ThmD.Sextuple.Macro.Chunks.Chunk0039 (8.0s)
✔ [11806/11879] Built Zeta23.ThmD.Sextuple.Macro.Chunks.Chunk0038 (9.6s)
✔ [11807/11879] Built Zeta23.ThmD.Sextuple.Macro.Chunks.Chunk0042 (12s)
✔ [11808/11879] Built Zeta23.ThmD.Sextuple.Macro.Chunks.Chunk0035 (4.6s)
✔ [11809/11879] Built Zeta23.ThmD.Sextuple.Macro.Chunks.Chunk0041 (13s)
✔ [11810/11879] Built Zeta23.ThmD.Sextuple.Macro.Chunks.Chunk0040 (13s)
✔ [11811/11879] Built Zeta23.ThmD.Sextuple.Macro.Chunks.Chunk0034 (4.8s)
✔ [11812/11879] Built Zeta23.ThmD.Sextuple.Macro.Chunks.Chunk0031 (6.5s)
✔ [11813/11879] Built Zeta23.ThmD.Sextuple.Macro.Chunks.Chunk0032 (6.5s)
✔ [11814/11879] Built Zeta23.ThmD.Sextuple.Macro.Chunks.Chunk0030 (6.4s)
✔ [11815/11879] Built Zeta23.ThmD.Sextuple.Macro.Chunks.Chunk0029 (6.6s)
✔ [11816/11879] Built Zeta23.ThmD.Sextuple.Macro.Chunks.Chunk0033 (8.5s)
✔ [11817/11879] Built Zeta23.ThmD.Sextuple.Macro.Chunks.Chunk0028 (12s)
✔ [11818/11879] Built Zeta23.ThmD.Sextuple.Macro.Chunks.Chunk0027 (12s)
✔ [11819/11879] Built Zeta23.ThmD.Sextuple.Macro.Chunks.Chunk0021 (9.9s)
✔ [11820/11879] Built Zeta23.ThmD.Sextuple.Macro.Chunks.Chunk0025 (14s)
✔ [11821/11879] Built Zeta23.ThmD.Sextuple.Macro.Chunks.Chunk0026 (15s)
✔ [11822/11879] Built Zeta23.ThmD.Sextuple.Macro.Chunks.Chunk0023 (11s)
✔ [11823/11879] Built Zeta23.ThmD.Sextuple.Macro.Chunks.Chunk0024 (14s)
✔ [11824/11879] Built Zeta23.ThmD.Sextuple.Macro.Chunks.Chunk0022 (13s)
✔ [11825/11879] Built Zeta23.ThmD.Sextuple.Macro.Chunks.Chunk0020 (13s)
✔ [11826/11879] Built Zeta23.ThmD.Sextuple.Macro.Chunks.Chunk0019 (14s)
✔ [11827/11879] Built Zeta23.ThmD.Sextuple.Macro.Chunks.Chunk0016 (7.2s)
✔ [11828/11879] Built Zeta23.ThmD.Sextuple.Macro.Chunks.Chunk0018 (12s)
✔ [11829/11879] Built Zeta23.ThmD.Sextuple.Macro.Chunks.Chunk0017 (11s)
✔ [11830/11879] Built Zeta23.ThmD.Sextuple.Macro.Chunks.Chunk0009 (4.4s)
✔ [11831/11879] Built Zeta23.ThmD.Sextuple.Macro.Chunks.Chunk0008 (4.3s)
✔ [11832/11879] Built Zeta23.ThmD.Sextuple.Macro.Chunks.Chunk0013 (9.0s)
✔ [11833/11879] Built Zeta23.ThmD.Sextuple.Macro.Chunks.Chunk0012 (10s)
✔ [11834/11879] Built Zeta23.ThmD.Sextuple.Macro.Chunks.Chunk0010 (8.0s)
✔ [11835/11879] Built Zeta23.ThmD.Sextuple.Macro.Chunks.Chunk0014 (12s)
✔ [11836/11879] Built Zeta23.ThmD.Sextuple.Macro.Chunks.Chunk0015 (13s)
✔ [11837/11879] Built Zeta23.ThmD.Sextuple.Macro.Chunks.Chunk0006 (5.0s)
✔ [11838/11879] Built Zeta23.ThmD.Sextuple.Macro.Chunks.Chunk0007 (5.1s)
✔ [11839/11879] Built Zeta23.ThmD.Sextuple.Macro.Chunks.Chunk0011 (12s)
✔ [11840/11879] Built Zeta23.ThmD.Sextuple.Macro.Chunks.Chunk0005 (5.8s)
✔ [11841/11879] Built Zeta23.ThmD.Sextuple.Macro.Chunks.Chunk0003 (5.8s)
✔ [11842/11879] Built Zeta23.ThmD.Sextuple.Macro.Chunks.Chunk0004 (5.9s)
✔ [11843/11879] Built Zeta23.ThmD.Sextuple.Macro.Chunks.Chunk0002 (5.5s)
✔ [11844/11879] Built Zeta23.ThmD.Sextuple.Macro.Chunks.Chunk0001 (5.2s)
✔ [11845/11879] Built Zeta23.ThmD.Sextuple.Macro.Chunks.Chunk0000 (4.5s)
✔ [11846/11879] Built Zeta23.ThmD.Sextuple.Macro.Assembly.Part000 (13s)
✔ [11847/11879] Built Zeta23.ThmD.Sextuple.Macro.Assembly.Part001 (13s)
✔ [11848/11879] Built Zeta23.ThmD.Sextuple.Macro.Assembly.Part002 (13s)
✔ [11849/11879] Built Zeta23.ThmD.Sextuple.Macro.Assembly.Part003 (14s)
✔ [11850/11879] Built Zeta23.ThmD.Sextuple.Macro.Assembly.Part004 (14s)
✔ [11851/11879] Built Zeta23.ThmD.Sextuple.Macro.Assembly.Part005 (14s)
✔ [11852/11879] Built Zeta23.ThmD.Sextuple.Macro.Assembly.Part006 (15s)
✔ [11853/11879] Built Zeta23.ThmD.Sextuple.Macro.Assembly.Part007 (17s)
✔ [11854/11879] Built Zeta23.ThmD.Sextuple.Macro.Assembly.Part008 (17s)
✔ [11855/11879] Built Zeta23.ThmD.Sextuple.Macro.Assembly.Part009 (17s)
✔ [11856/11879] Built Zeta23.ThmD.Sextuple.Macro.Assembly.Part010 (19s)
✔ [11857/11879] Built Zeta23.ThmD.Sextuple.Macro.Assembly.Part011 (19s)
✔ [11858/11879] Built Zeta23.ThmD.Sextuple.Macro.Assembly.Part012 (20s)
✔ [11859/11879] Built Zeta23.ThmD.Sextuple.Macro.Assembly.Part013 (19s)
✔ [11860/11879] Built Zeta23.ThmD.Sextuple.Macro.Assembly.Part014 (20s)
✔ [11861/11879] Built Zeta23.ThmD.Sextuple.Macro.Assembly.Part015 (20s)
✔ [11862/11879] Built Zeta23.ThmD.Sextuple.Macro.Assembly.Part016 (21s)
✔ [11863/11879] Built Zeta23.ThmD.Sextuple.Macro.Assembly.Part017 (21s)
✔ [11864/11879] Built Zeta23.ThmD.Sextuple.Macro.Assembly.Part018 (22s)
✔ [11865/11879] Built Zeta23.ThmD.Sextuple.Macro.Assembly.Part019 (21s)
✔ [11866/11879] Built Zeta23.ThmD.Sextuple.Macro.Assembly.Part020 (22s)
✔ [11867/11879] Built Zeta23.ThmD.Sextuple.Macro.Assembly.Part021 (23s)
✔ [11868/11879] Built Zeta23.ThmD.Sextuple.Macro.Assembly.Part022 (24s)
✔ [11869/11879] Built Zeta23.ThmD.Sextuple.Macro.Assembly.Part023 (24s)
✔ [11870/11879] Built Zeta23.ThmD.Sextuple.Macro.Assembly.Part024 (26s)
✔ [11871/11879] Built Zeta23.ThmD.Sextuple.Macro.Assembly.Part025 (25s)
✔ [11872/11879] Built Zeta23.ThmD.Sextuple.Macro.Assembly.Part026 (27s)
✔ [11873/11879] Built Zeta23.ThmD.Sextuple.Macro.Assembly.Part027 (27s)
✔ [11874/11879] Built Zeta23.ThmD.Sextuple.Macro.Assembly.Part028 (25s)
✔ [11875/11879] Built Zeta23.ThmD.Sextuple.Macro.Assembly.Part029 (17s)
✔ [11876/11879] Built Zeta23.ThmD.Sextuple.Macro.TreeAssembly (2.0s)
✔ [11877/11879] Built Zeta23.ThmD.Sextuple.Certificate (3.4s)
✔ [11878/11879] Built Zeta23.ThmD.Sextuple.Unconditional (3.2s)
✔ [11879/11879] Built Zeta23.ThmD.Sextuple.LineDecimal (3.1s)
Build completed successfully (11879 jobs).
real 4397.21
user 27934.53
sys 9753.27
         16493199360  maximum resident set size
                   0  average shared memory size
                   0  average unshared data size
                   0  average unshared stack size
          1723724681  page reclaims
              263345  page faults
                   0  swaps
                   0  block input operations
                   0  block output operations
                   0  messages sent
                   0  messages received
                   0  signals received
              166261  voluntary context switches
            34832425  involuntary context switches
       4651217147310  instructions retired
       1914296122313  cycles elapsed
           941024512  peak memory footprint
exit=0 end 2026-08-22T23:39:18Z
